left_or_right,conservation_score
right,-1.3557073170731708
right,0.24134146341463414
right,-0.24529268292682926
right,-0.0748780487804878
right,0.05375609756097561
right,0.02460975609756098
right,0.13209756097560973
right,0.12048780487804876
right,0.06112195121951218
right,-0.17085365853658538
right,-0.36609756097560975
right,0.16070731707317074
right,0.224
right,-0.13563414634146342
right,-0.2642926829268293
right,-0.08375609756097561
right,-0.3912926829268293
right,-0.06841463414634145
right,0.005804878048780481
right,-0.18751219512195122
right,-0.1410731707317073
right,-0.16185365853658537
right,-0.3319756097560976
right,3.1437560975609755
right,-0.20997560975609755
right,-0.24885365853658536
right,-0.37317073170731707
right,-0.3151219512195122
right,-0.2064878048780488
right,-0.5051951219512195
right,-0.07809756097560976
right,0.0075609756097560965
right,-0.025926829268292675
right,-0.11514634146341463
right,1.1660487804878048
right,1.41
right,-0.1525609756097561
right,-0.1779268292682927
right,-0.14321951219512197
right,-0.11290243902439025
right,0.10014634146341463
right,-0.3622439024390244
right,-0.08143902439024389
right,-0.0227560975609756
right,-0.12573170731707317
right,0.08987804878048782
right,-0.19639024390243903
right,-0.267609756097561
right,-0.20531707317073172
right,-0.11234146341463415
right,-0.5003658536585366
right,-0.9213658536585366
right,-0.7854634146341464
right,-0.8718292682926829
right,-1.1520731707317073
right,-0.7198292682926829
right,-0.9297317073170732
right,-1.0450731707317074
right,-1.4293658536585365
right,-0.6314634146341463
right,-0.4805121951219512
right,-0.9832439024390244
right,-1.604951219512195
right,-1.6371463414634146
right,-0.9747317073170731
right,-0.21246341463414634
right,-0.17375609756097563
right,-0.04226829268292683
right,0.0946341463414634
right,-0.7000243902439025
right,-0.1944390243902439
right,-0.12653658536585366
right,-0.21697560975609756
right,-0.21256097560975612
right,-0.6783414634146342
right,-0.892219512195122
right,-0.17424390243902438
right,0.14882926829268292
right,0.12192682926829268
right,0.37790243902439025
right,1.6772195121951219
right,0.3882926829268293
right,-0.41685365853658535
right,-0.7459024390243902
right,-0.7661219512195122
right,-0.6322682926829268
right,0.1198048780487805
right,-0.7130975609756097
right,-0.6490731707317073
right,0.6414390243902439
right,0.4396341463414634
right,2.239048780487805
right,1.4379756097560976
right,-0.7809756097560976
right,-0.384
right,0.2474878048780488
right,0.00882926829268293
right,-0.07368292682926829
right,-0.18634146341463415
right,-0.395
right,0.00012195121951219439
right,0.030780487804878045
right,0.05470731707317072
right,0.06263414634146341
right,0.01956097560975609
right,0.09482926829268293
right,-0.01924390243902439
right,-0.5174146341463415
right,-0.603780487804878
right,-0.3526829268292683
right,0.03534146341463414
right,-0.3072439024390244
right,0.09834146341463415
right,0.12919512195121952
right,-0.13041463414634147
right,-0.1831219512195122
right,-0.17878048780487804
right,0.09195121951219513
right,0.2014878048780488
right,0.16078048780487805
right,0.16160975609756098
right,-0.11102439024390244
right,-0.011780487804878049
right,0.017487804878048775
right,0.06319512195121951
right,-0.08309756097560976
right,-0.06687804878048781
right,0.0575609756097561
right,-0.7193658536585366
right,-0.2133170731707317
right,-0.18302439024390244
right,-0.09697560975609758
right,0.08409756097560978
right,-0.032365853658536586
right,-0.06792682926829269
right,0.15541463414634146
right,-0.07839024390243902
right,-0.10107317073170731
right,-0.31602439024390244
right,0.2472682926829268
right,0.119
right,0.34151219512195125
right,0.3231219512195122
right,0.2778048780487805
right,0.15229268292682926
right,0.3121219512195122
right,0.11792682926829268
right,-0.02329268292682926
right,-0.19248780487804878
right,-0.668829268292683
right,-0.3755121951219512
right,-0.2505121951219512
right,-0.24597560975609756
right,-0.7797560975609756
right,0.12278048780487805
right,0.06880487804878048
right,0.09651219512195121
right,0.08114634146341462
right,-0.3762439024390244
right,0.04173170731707316
right,0.10380487804878048
right,0.17429268292682926
right,0.1448780487804878
right,-0.023731707317073174
right,0.14273170731707316
right,0.7023658536585367
right,0.3833658536585366
right,0.3953170731707317
right,0.7414878048780488
right,0.9352439024390243
right,1.8124878048780488
right,0.008073170731707331
right,-0.6074878048780488
right,-0.8418292682926829
right,-1.0190731707317073
right,-0.7088048780487805
right,-0.7590243902439024
right,1.574609756097561
right,2.132121951219512
right,1.4379756097560976
right,-1.1324146341463415
right,-1.159560975609756
right,-0.7519268292682927
right,2.2659268292682926
right,1.2758536585365854
right,1.227878048780488
right,0.2176341463414634
right,0.21446341463414634
right,-0.21480487804878048
right,0.035756097560975614
right,-0.12070731707317073
right,-0.06526829268292683
right,-0.011634146341463423
right,-0.1949268292682927
right,0.5144634146341464
right,0.8488780487804878
right,0.7125121951219512
right,-0.13270731707317074
right,-0.29478048780487803
right,-0.4869512195121951
right,-0.36178048780487804
right,-0.30797560975609756
right,0.1937560975609756
right,-0.0009024390243902487
right,-0.14114634146341465
right,-0.02497560975609756
right,-0.14729268292682926
right,-0.2646829268292683
right,-0.03465853658536585
right,0.0948048780487805
right,-0.19678048780487803
right,0.20341463414634145
right,0.07651219512195122
right,0.04990243902439024
right,0.10909756097560976
right,0.35978048780487804
right,0.3402682926829268
right,-0.033609756097560985
right,-0.2682926829268293
right,0.13965853658536584
right,0.004975609756097557
right,-0.08373170731707318
right,-0.021878048780487807
right,0.2473658536585366
right,-0.37565853658536585
right,0.035975609756097544
right,0.10941463414634146
right,0.014902439024390243
right,0.1469512195121951
right,-0.2821707317073171
right,0.00575609756097561
right,-0.09151219512195122
right,-0.11104878048780487
right,-0.1583170731707317
right,-0.34043902439024387
right,0.0661951219512195
right,0.12395121951219512
right,-0.05970731707317074
right,0.5149024390243903
right,-0.013902439024390242
right,-0.373390243902439
right,0.16741463414634147
right,-0.019219512195121947
right,0.1543658536585366
right,0.18046341463414636
right,0.11817073170731708
right,-0.3514390243902439
right,0.13753658536585364
right,0.2745609756097561
right,0.37878048780487805
right,0.3942926829268293
right,0.571560975609756
right,-0.40014634146341466
right,-0.3351707317073171
right,-0.012390243902439011
right,0.05334146341463415
right,0.017341463414634162
right,0.017707317073170737
right,0.012292682926829276
right,-0.238609756097561
right,-0.06348780487804878
right,0.10982926829268291
right,0.06292682926829268
right,0.35053658536585364
right,-0.5830243902439024
right,-0.45790243902439026
right,-0.37378048780487805
right,0.29817073170731706
right,0.07358536585365855
right,0.10763414634146343
right,-0.5383414634146342
right,-0.3956829268292683
right,0.07321951219512196
right,0.16265853658536586
right,0.19821951219512193
right,-0.16146341463414635
right,-0.1644878048780488
right,-0.11858536585365854
right,-0.008804878048780487
right,-0.04507317073170733
right,0.3302439024390244
right,0.2398780487804878
right,0.061121951219512194
right,0.09221951219512196
right,0.14097560975609758
right,0.12219512195121951
right,-0.1655609756097561
right,1.702390243902439
right,2.089536585365854
right,0.6092439024390244
right,0.41231707317073174
right,0.12187804878048782
right,-0.4267560975609756
right,-0.7419024390243902
right,-0.11870731707317074
right,1.7857073170731708
right,1.221219512195122
right,0.06114634146341463
right,0.0772439024390244
right,0.02265853658536585
right,0.06341463414634146
right,0.2455609756097561
right,-0.03573170731707317
right,-0.3265609756097561
right,-0.1346829268292683
right,-0.012121951219512195
right,0.07353658536585365
right,-0.17646341463414633
right,-0.09741463414634147
right,-0.03090243902439025
right,0.0643170731707317
right,-0.19570731707317074
right,0.11834146341463414
right,0.4248292682926829
right,0.2658048780487805
right,0.09992682926829267
right,-0.08543902439024391
right,-0.11690243902439025
right,0.022975609756097564
right,0.028341463414634147
right,-0.15143902439024393
right,-0.13397560975609757
right,-0.06885365853658537
right,-0.23256097560975608
right,-0.005341463414634146
right,-0.08060975609756098
right,0.020000000000000004
right,-0.06865853658536585
right,0.2665609756097561
right,0.5474146341463415
right,0.24295121951219512
right,-0.002902439024390252
right,-0.8850487804878049
right,0.12470731707317072
right,0.13651219512195123
right,-0.12621951219512192
right,-0.03468292682926828
right,0.03604878048780488
right,0.18834146341463415
right,-0.14202439024390243
right,0.1578048780487805
right,0.05726829268292683
right,0.05658536585365854
right,0.0060243902439024374
right,0.006682926829268292
right,-0.27334146341463417
right,0.019414634146341463
right,0.5983414634146341
right,0.4598536585365854
right,0.3950487804878049
right,0.2562439024390244
right,-0.009170731707317067
right,0.26282926829268294
right,-0.01478048780487804
right,0.25014634146341463
right,-0.2034390243902439
right,0.13978048780487806
right,0.14087804878048782
right,0.2620487804878049
right,0.46495121951219515
right,-1.1307560975609756
right,-0.4995121951219512
right,-0.022121951219512197
right,0.2097560975609756
right,0.06878048780487804
right,-0.024731707317073172
right,0.08521951219512196
right,-0.3122439024390244
right,0.02578048780487804
right,0.31797560975609757
right,0.40139024390243905
right,0.07953658536585366
right,-0.14336585365853657
right,0.286390243902439
right,0.31053658536585366
right,-0.10668292682926829
right,-0.08424390243902438
right,0.2187560975609756
right,0.16339024390243903
right,0.11758536585365854
right,0.043146341463414645
right,0.09909756097560976
right,-0.03495121951219511
right,0.15295121951219512
right,-0.09595121951219512
right,0.022951219512195125
right,-0.23726829268292685
right,0.6095121951219512
right,-0.026878048780487804
right,-0.0396829268292683
right,0.16126829268292683
right,0.055170731707317094
right,-0.03382926829268291
right,-0.25309756097560976
right,-0.14802439024390243
right,0.062146341463414634
right,0.020585365853658538
right,-0.032756097560975604
right,0.19992682926829267
right,-0.2057317073170732
right,0.1083170731707317
right,0.0699512195121951
right,4.895390243902439
right,0.6525365853658537
right,1.3965853658536584
right,1.2794390243902438
right,0.29473170731707315
right,0.12304878048780488
right,0.12173170731707318
right,-0.4874390243902439
right,-0.9522682926829268
right,1.9431951219512196
right,1.1607073170731708
right,1.5751219512195123
right,-0.33
right,-0.17534146341463416
right,-0.27939024390243905
right,0.06309756097560974
right,0.13912195121951218
right,0.2136341463414634
right,0.24429268292682926
right,0.04695121951219512
right,0.15846341463414634
right,0.1728048780487805
right,0.01941463414634146
right,-0.2751707317073171
right,-0.07329268292682928
right,-0.05758536585365854
right,-0.5025853658536585
right,-0.08970731707317073
right,-0.048951219512195124
right,-0.8127073170731708
right,-0.12182926829268292
right,0.07373170731707318
right,0.08897560975609757
right,0.21124390243902438
right,-0.1021951219512195
right,0.041512195121951215
right,0.3491463414634146
right,0.24465853658536585
right,0.44090243902439025
right,0.4003658536585366
right,0.15446341463414634
right,0.059707317073170715
right,0.043487804878048784
right,0.02146341463414634
right,0.142609756097561
right,0.21790243902439024
right,0.22082926829268293
right,-0.011463414634146346
right,-0.10412195121951219
right,0.04209756097560975
right,-0.21485365853658536
right,-0.21514634146341463
right,-0.001804878048780487
right,-0.30641463414634146
right,-0.7311463414634146
right,0.04819512195121951
right,-0.3544390243902439
right,-0.15995121951219513
right,-0.2494390243902439
right,-0.25458536585365854
right,-0.3687073170731707
right,-0.5062439024390244
right,0.23126829268292684
right,0.0019512195121951263
right,-0.07217073170731707
right,-0.24582926829268292
right,-0.5652195121951219
right,0.2127560975609756
right,0.15978048780487805
right,-0.27790243902439027
right,0.10234146341463414
right,0.13729268292682928
right,0.16278048780487805
right,0.14036585365853657
right,0.15380487804878049
right,-0.22602439024390245
right,-0.08939024390243902
right,0.11807317073170731
right,-0.16014634146341464
right,0.06668292682926828
right,-0.48248780487804876
right,-0.04853658536585366
right,-0.05151219512195122
right,0.24185365853658536
right,0.05453658536585366
right,0.10095121951219511
right,0.1893170731707317
right,0.1881219512195122
right,-0.15078048780487804
right,0.13863414634146343
right,-0.2657317073170732
right,1.9941951219512195
right,0.791
right,1.3365365853658537
right,1.0389268292682927
right,0.5932926829268292
right,4.033
right,3.36
right,3.9544146341463415
right,2.0940975609756096
right,3.048219512195122
right,3.8535853658536587
right,0.16670731707317074
right,0.9145365853658537
right,0.7984634146341464
right,0.25846341463414635
right,0.12914634146341464
right,2.8756341463414636
right,2.700731707317073
right,0.21146341463414633
right,0.5307804878048781
right,1.3694878048780488
right,0.3081219512195122
right,1.4996341463414633
right,0.06346341463414634
right,0.2523170731707317
right,0.11217073170731708
right,-0.005512195121951217
right,-0.007829268292682923
right,-0.012926829268292679
right,-0.10836585365853657
right,-0.28748780487804876
right,0.0484878048780488
right,0.11009756097560977
right,0.0885609756097561
right,-0.1174390243902439
right,0.2175609756097561
right,0.0721219512195122
right,-0.19534146341463415
right,-0.2325609756097561
right,0.022609756097560975
right,0.1532439024390244
right,-0.029268292682926828
right,0.04582926829268294
right,-0.8328780487804879
right,-0.631609756097561
right,0.2471951219512195
right,-0.021707317073170727
right,0.005707317073170734
right,0.039414634146341464
right,0.0374390243902439
right,0.08029268292682926
right,0.003341463414634137
right,-0.14451219512195124
right,-0.09429268292682927
right,0.16170731707317074
right,0.29253658536585364
right,-0.000536585365853655
right,1.7463170731707318
right,-0.050634146341463425
right,-0.5307560975609756
right,-0.42104878048780486
right,-0.10709756097560975
right,0.2278292682926829
right,-0.25382926829268293
right,2.048268292682927
right,0.1369268292682927
right,-0.1462439024390244
right,-0.2509512195121951
right,-0.18953658536585366
right,0.048560975609756106
right,0.011365853658536589
right,0.3089512195121951
right,-0.056097560975609764
right,0.05760975609756097
right,0.11241463414634147
right,0.18034146341463414
right,0.19078048780487802
right,-0.143
right,-0.2846341463414634
right,-0.28068292682926826
right,1.1066341463414635
right,0.6048780487804878
right,0.6567560975609756
right,1.0721463414634147
right,0.16019512195121952
right,-0.06653658536585366
right,0.174390243902439
right,0.3331219512195122
right,0.3187317073170732
right,2.343
right,0.24048780487804877
right,0.18353658536585366
right,0.2959512195121951
right,0.17165853658536584
right,-0.268609756097561
right,-0.27531707317073173
right,0.5784390243902439
right,5.186560975609756
right,0.8657317073170732
right,-0.09778048780487805
right,-0.11436585365853659
right,5.954780487804878
right,0.7796829268292683
right,1.6654634146341463
right,0.014560975609756098
right,0.021975609756097567
right,0.23002439024390245
right,0.40168292682926826
right,0.354390243902439
right,0.2832439024390244
right,-0.0548780487804878
right,0.3337317073170732
right,0.4001707317073171
right,0.3204390243902439
right,-0.13960975609756096
right,4.551585365853659
right,0.6862439024390243
right,3.1731707317073172
right,0.011560975609756096
right,0.8841219512195122
right,0.9614390243902439
right,0.7457560975609756
right,0.5975609756097561
right,0.43265853658536585
right,0.6960731707317073
right,2.472829268292683
right,0.004609756097560978
right,0.04819512195121951
right,0.0643170731707317
right,0.035780487804878046
right,-0.28673170731707315
right,-0.31509756097560976
right,-0.32526829268292684
right,-0.5531951219512196
right,0.35648780487804876
right,0.6357804878048781
right,4.408951219512195
right,-0.2446829268292683
right,4.10190243902439
right,-0.19834146341463416
right,-0.06134146341463415
right,-0.06463414634146342
right,0.08953658536585364
right,0.03014634146341463
right,-0.13565853658536586
right,-0.013829268292682925
right,0.1441707317073171
right,0.05751219512195122
right,0.04629268292682927
right,-0.02434146341463415
right,-0.1034390243902439
right,-0.3564634146341463
right,0.005219512195121948
right,0.058219512195121954
right,0.058731707317073174
right,-0.22448780487804879
right,0.08565853658536586
right,0.07073170731707316
right,-0.34551219512195125
right,0.12068292682926829
right,2.194951219512195
right,0.26495121951219514
right,-0.09624390243902439
right,-0.11773170731707318
right,1.4371463414634147
right,0.6960731707317073
right,5.8786097560975605
right,4.694756097560975
right,0.11090243902439025
right,0.2316829268292683
right,0.05153658536585366
right,0.07453658536585367
right,0.1837560975609756
right,0.14448780487804877
right,-0.3276829268292683
right,3.6031219512195123
right,0.5814878048780487
right,0.20458536585365852
right,0.031195121951219526
right,0.19339024390243903
right,0.4523658536585366
right,0.2194390243902439
right,-0.29553658536585364
right,0.11263414634146343
right,0.06858536585365854
right,0.13314634146341464
right,4.21029268292683
right,-0.17509756097560975
right,-0.004780487804878047
right,-0.399609756097561
right,0.06856097560975609
right,-0.3564634146341463
right,3.280682926829268
right,-0.25782926829268293
right,-0.41570731707317077
right,-0.6243658536585366
right,0.12839024390243903
right,0.10617073170731708
right,0.19631707317073172
right,-0.18914634146341464
right,-0.14290243902439023
right,-0.28941463414634144
right,-0.09585365853658537
right,-0.46348780487804875
right,0.02904878048780488
right,0.30346341463414633
right,0.03019512195121951
right,0.4444878048780488
right,0.1371951219512195
right,0.316
right,0.38082926829268293
right,0.3160731707317073
right,0.07363414634146342
right,-0.1892439024390244
right,-0.15517073170731707
right,-0.18970731707317073
right,0.33075609756097557
right,0.3899756097560976
right,0.12097560975609756
right,0.07
right,0.21958536585365854
right,-0.09404878048780488
right,0.8980731707317073
right,0.6159268292682927
right,0.29675609756097565
right,0.055463414634146356
right,0.22948780487804876
right,0.345780487804878
right,-0.01641463414634146
right,-0.024829268292682925
right,0.007707317073170734
right,0.058439024390243906
right,0.059317073170731704
right,0.005365853658536584
right,0.0060975609756097554
right,0.006536585365853657
right,0.058731707317073174
right,0.00646341463414634
right,0.05734146341463415
right,0.05807317073170732
right,0.0033170731707317116
right,-0.08007317073170733
right,-0.2602439024390244
right,-0.34868292682926827
right,0.3940487804878049
right,0.06807317073170731
right,0.07051219512195121
right,-0.00034146341463415884
right,0.18917073170731707
right,0.2685365853658536
right,0.10078048780487803
right,0.12909756097560973
right,0.07480487804878048
right,0.21197560975609755
right,0.2144634146341463
right,0.1828780487804878
right,0.2141951219512195
right,0.23685365853658535
right,0.18651219512195122
right,0.052292682926829266
right,0.038756097560975616
right,0.020121951219512203
right,0.07041463414634146
right,-0.023926829268292676
right,-0.2971951219512195
right,-0.2533658536585366
right,-0.22699999999999998
right,0.15170731707317073
right,-0.28190243902439027
right,-0.12007317073170731
right,-0.3645853658536585
right,-0.43078048780487804
right,-0.09458536585365852
right,0.22321951219512196
right,0.24960975609756098
right,0.3598780487804878
right,0.10753658536585366
right,0.38470731707317074
right,0.09358536585365854
right,-0.05060975609756097
right,0.3478048780487805
right,0.2290487804878049
right,0.179
right,0.18195121951219512
right,0.001414634146341462
right,-0.17341463414634145
right,-0.11202439024390244
right,0.07965853658536586
right,0.1913170731707317
right,0.14790243902439024
right,0.1418780487804878
right,0.2373170731707317
right,-0.11195121951219512
right,0.11692682926829268
right,2.0560487804878047
right,1.0316341463414633
right,1.3571219512195123
right,0.8718292682926829
right,0.8367560975609756
right,0.03360975609756097
right,0.31078048780487805
right,0.2900243902439024
right,0.11017073170731707
right,0.16619512195121952
right,0.2090487804878049
right,0.2052439024390244
right,0.18914634146341464
right,-0.13051219512195122
right,-0.1047560975609756
right,-0.10934146341463413
right,0.5718292682926829
right,-0.31882926829268293
right,0.009829268292682923
right,0.12058536585365852
right,0.3005609756097561
right,-0.12853658536585366
right,-0.12358536585365855
right,-0.10895121951219512
right,-0.14175609756097562
right,-0.024146341463414628
right,-0.07831707317073171
right,0.20082926829268294
right,-0.3671951219512195
right,0.09168292682926829
right,0.39748780487804874
right,-0.19324390243902437
right,0.32058536585365854
right,0.057195121951219514
right,0.002414634146341466
right,-0.002463414634146339
right,0.05865853658536585
right,-0.0594390243902439
right,-0.05660975609756098
right,-0.05504878048780488
right,-0.1094390243902439
right,-0.01673170731707317
right,0.08573170731707318
right,0.1252439024390244
right,-0.2570731707317073
right,-0.06139024390243902
right,0.1379268292682927
right,0.15526829268292686
right,0.03024390243902438
right,0.1834390243902439
right,0.1698780487804878
right,0.09090243902439024
right,0.14834146341463414
right,0.11956097560975609
right,-0.039536585365853666
right,0.31758536585365854
right,0.17670731707317072
right,-0.47585365853658534
right,0.08785365853658536
right,0.4626341463414634
right,2.0475853658536587
right,1.7236585365853658
right,-0.0017317073170731681
right,0.09317073170731709
right,0.13746341463414635
right,-0.12236585365853657
right,-0.037365853658536584
right,0.013878048780487802
right,0.1607073170731707
right,0.2473170731707317
right,0.15185365853658536
right,0.02892682926829268
right,0.11592682926829267
right,-0.09680487804878049
right,0.08007317073170732
right,0.0955609756097561
right,1.758170731707317
right,0.8619024390243902
right,-0.05548780487804878
right,0.4781951219512195
right,0.34639024390243905
right,0.28668292682926827
right,-0.17478048780487807
right,0.3518780487804878
right,0.45082926829268294
right,0.35448780487804876
right,0.16353658536585367
right,0.17868292682926828
right,0.12009756097560975
right,0.03895121951219512
right,0.1588048780487805
right,0.1451951219512195
right,0.039756097560975624
right,0.025707317073170744
right,0.1738048780487805
right,0.0928048780487805
right,0.1680487804878049
right,0.04965853658536587
right,0.03836585365853658
right,-0.039658536585365854
right,0.05526829268292682
right,0.5713658536585365
right,0.7489512195121951
right,0.6145853658536585
right,0.42497560975609755
right,0.17141463414634145
right,-0.25534146341463415
right,-0.2097317073170732
right,0.0588780487804878
right,-0.09234146341463415
right,0.024634146341463405
right,-0.1502926829268293
right,-0.1787560975609756
right,-0.11753658536585365
right,0.48678048780487804
right,0.4628536585365854
right,0.34273170731707314
right,1.036780487804878
right,0.36097560975609755
right,0.4417317073170732
right,0.5306829268292683
right,0.5245853658536586
right,0.5698048780487804
right,0.1648780487804878
right,0.028804878048780482
right,0.045121951219512194
right,0.1311219512195122
right,0.15051219512195121
right,0.11290243902439023
right,0.2827073170731707
right,0.19709756097560976
right,0.07770731707317073
right,0.02753658536585367
right,-0.06097560975609755
right,-0.39534146341463416
right,-0.05382926829268293
right,-0.06941463414634147
right,0.06802439024390243
right,0.12185365853658535
right,0.16431707317073171
right,0.8408536585365853
right,0.39270731707317075
right,0.15846341463414634
right,-0.14265853658536584
right,0.10841463414634146
right,-0.07724390243902439
right,1.0161951219512195
right,0.10982926829268291
right,0.20297560975609755
right,-0.2570487804878049
right,-0.2296829268292683
right,0.006024390243902438
right,-0.11160975609756098
right,0.1449268292682927
right,0.10426829268292684
right,-0.09521951219512195
right,-0.3864146341463415
right,-0.1246829268292683
right,-0.10417073170731707
right,-0.1501219512195122
right,-0.04926829268292683
right,0.08090243902439025
right,-0.22741463414634147
right,0.21482926829268292
right,0.15351219512195122
right,0.1718780487804878
right,0.11948780487804878
right,-0.18034146341463417
right,-0.4558536585365854
right,0.032
right,-0.07385365853658535
right,-0.2608536585365854
right,-0.10514634146341464
right,4.215658536585366
right,1.032048780487805
right,0.10875609756097561
right,0.14878048780487804
right,0.28017073170731704
right,0.2384390243902439
right,0.3305609756097561
right,0.19934146341463416
right,-0.13673170731707318
right,-0.14036585365853657
right,-0.05717073170731707
right,-0.03382926829268293
right,-0.2798292682926829
right,0.060317073170731705
right,0.1203170731707317
right,0.08273170731707317
right,-0.19248780487804878
right,0.13229268292682925
right,-0.5396585365853659
right,0.05895121951219512
right,0.006975609756097559
right,0.031634146341463415
right,1.1627560975609756
right,0.5764146341463414
right,0.5638536585365853
right,0.23639024390243904
right,-0.34485365853658534
right,-0.012268292682926835
right,0.1303170731707317
right,-0.17095121951219514
right,-0.42173170731707316
right,-0.1990487804878049
right,0.08009756097560976
right,0.2531951219512195
right,0.05885365853658536
right,0.04370731707317072
right,-0.03251219512195123
right,0.46273170731707314
right,3.7630731707317073
right,-0.4191951219512195
right,-0.42
right,0.027658536585365854
right,0.030024390243902438
right,0.12558536585365854
right,-0.07721951219512195
right,-0.19285365853658537
right,-0.19197560975609756
right,0.06168292682926829
right,-0.11204878048780487
right,0.0622439024390244
right,-0.11534146341463414
right,-0.22539024390243903
right,-0.12204878048780488
right,-0.023829268292682938
right,0.06348780487804878
right,0.28048780487804875
right,0.46139024390243905
right,0.17870731707317072
right,0.17014634146341462
right,0.05604878048780487
right,-0.045292682926829274
right,0.20199999999999999
right,0.451609756097561
right,1.0795121951219513
right,3.247609756097561
right,3.299317073170732
right,4.711731707317074
right,0.09982926829268293
right,0.12092682926829268
right,0.6185365853658537
right,0.0026585365853658447
right,-0.06953658536585366
right,0.09007317073170731
right,-0.08782926829268292
right,0.058975609756097565
right,0.05039024390243903
right,-0.30717073170731707
right,0.04082926829268293
right,0.0877560975609756
right,0.5411463414634147
right,0.21968292682926827
right,-0.0845609756097561
right,-0.22297560975609756
right,-0.2651707317073171
right,-0.12451219512195122
right,-0.3441951219512195
right,0.09260975609756097
right,0.050951219512195126
right,0.35573170731707315
right,-0.4568780487804878
right,0.008048780487804878
right,-0.12929268292682927
right,0.07853658536585366
right,-0.42821951219512194
right,-0.23521951219512197
right,0.30614634146341463
right,0.4714390243902439
right,0.505780487804878
right,0.3768048780487805
right,0.19270731707317074
right,0.20129268292682928
right,0.18709756097560976
right,-0.02795121951219512
right,-0.06853658536585366
right,-0.026975609756097557
right,-0.08897560975609757
right,0.027268292682926822
right,0.017951219512195124
right,-0.17019512195121952
right,0.08763414634146342
right,0.3597560975609756
right,0.0455609756097561
right,0.3112439024390244
right,-0.10919512195121951
right,-0.11631707317073171
right,-0.37939024390243903
right,0.123
right,0.0034146341463414704
right,-0.06746341463414635
right,0.08536585365853659
right,0.12839024390243903
right,0.10392682926829269
right,-0.11436585365853658
right,-0.12941463414634147
right,-0.17885365853658536
right,-0.04426829268292683
right,0.09129268292682927
right,0.05299999999999999
right,0.16517073170731708
right,-0.0716829268292683
right,0.04441463414634146
right,-0.014292682926829269
right,-0.04995121951219512
right,-0.02319512195121952
right,0.009975609756097565
right,0.3090487804878049
right,-0.08704878048780487
right,0.04646341463414634
right,0.06595121951219511
right,4.6076097560975615
right,-0.013439024390243904
right,0.3612439024390244
right,0.08112195121951218
right,0.07402439024390244
right,0.05326829268292683
right,0.025560975609756093
right,0.11702439024390243
right,-0.03899999999999999
right,0.058390243902439035
right,0.06719512195121952
right,-0.3151219512195122
right,-0.04009756097560977
right,0.21009756097560975
right,-0.12458536585365854
right,0.056048780487804865
right,0.04829268292682926
right,0.14221951219512194
right,-0.003658536585365862
right,-0.011073170731707336
right,-0.0040975609756097615
right,-0.03375609756097562
right,0.3421951219512195
right,-0.06934146341463415
right,0.15529268292682927
right,0.0817560975609756
right,0.07009756097560976
right,0.07036585365853659
right,0.10873170731707317
right,0.1506829268292683
right,0.1526341463414634
right,0.05136585365853659
right,0.019195121951219512
right,0.11992682926829268
right,0.08758536585365853
right,0.0981219512195122
right,0.021487804878048786
right,0.024219512195121955
right,0.1141951219512195
right,0.028243902439024395
right,-0.010463414634146342
right,0.13246341463414635
right,0.1801219512195122
right,0.16690243902439023
right,0.769390243902439
right,0.5843658536585365
right,0.6080243902439024
right,0.7911707317073171
right,0.1388048780487805
right,0.08651219512195121
right,0.07536585365853658
right,0.03743902439024392
right,0.11790243902439025
right,0.13695121951219513
right,0.10475609756097562
right,0.007268292682926841
right,0.07697560975609757
right,-0.004048780487804874
right,0.15821951219512195
right,0.08751219512195123
right,0.16819512195121952
right,0.06829268292682927
right,0.2736585365853659
right,0.35617073170731706
right,-0.014585365853658546
right,0.24748780487804878
right,0.058
right,0.008073170731707319
right,0.008658536585365856
right,0.05895121951219512
right,0.16382926829268293
right,-0.018170731707317075
right,0.6894878048780487
right,0.6440975609756098
right,-0.13085365853658537
right,-0.02348780487804878
right,-0.3086341463414634
right,0.45551219512195124
right,-0.0077804878048780435
right,0.19578048780487806
right,-0.19207317073170732
right,0.11473170731707316
right,0.2312439024390244
right,-0.228390243902439
right,-0.012024390243902443
right,0.10992682926829268
right,0.1865609756097561
right,0.09841463414634147
right,0.23551219512195123
right,0.109
right,0.05926829268292683
right,0.10360975609756097
right,-0.06590243902439025
right,0.4658048780487805
right,0.4724390243902439
right,0.22565853658536586
right,0.9994634146341463
right,-0.1824390243902439
right,-0.14026829268292682
right,-0.17797560975609755
right,-0.02929268292682926
right,0.08663414634146342
right,-0.027341463414634136
right,0.08570731707317074
right,0.152
right,-0.09441463414634145
right,2.3053658536585364
right,2.1376829268292683
right,2.0779756097560975
right,-0.17397560975609758
right,-0.1517560975609756
right,0.15817073170731707
right,0.012804878048780487
right,0.20400000000000001
right,-0.11021951219512195
right,0.24373170731707317
right,0.23746341463414633
right,0.2233658536585366
right,0.09012195121951219
right,0.2833414634146341
right,0.253390243902439
right,0.2050731707317073
right,-0.0276829268292683
right,0.04465853658536585
right,0.20924390243902438
right,-0.09353658536585366
right,0.2461219512195122
right,-0.2573658536585366
right,-0.3089268292682927
right,-0.060536585365853664
right,0.1675609756097561
right,-0.1126829268292683
right,0.295
right,-0.4533170731707317
right,-0.0006097560975609757
right,0.06709756097560976
right,-0.21673170731707317
right,-0.3793170731707317
right,0.002048780487804872
right,-0.031609756097560976
right,-0.08831707317073172
right,-0.19758536585365855
right,-0.44253658536585366
right,-0.07700000000000001
right,-0.05012195121951219
right,0.0007560975609756192
right,-0.6938780487804878
right,-0.3383658536585366
right,-0.09175609756097561
right,0.1283658536585366
right,0.21041463414634146
right,0.00873170731707318
right,0.4994390243902439
right,0.4517317073170732
right,0.624219512195122
right,0.7764146341463415
right,0.4192439024390244
right,-0.26863414634146343
right,3.017536585365854
right,3.691341463414634
right,3.6152926829268295
right,-0.09592682926829267
right,-0.2146341463414634
right,0.5561707317073171
right,0.12858536585365854
right,0.2970731707317073
right,0.5688780487804878
right,0.6403414634146342
right,0.16341463414634147
right,0.8758536585365854
right,0.6197560975609756
right,0.252
right,-0.4281219512195122
right,0.2357560975609756
right,0.38751219512195123
right,0.0964390243902439
right,0.354
right,0.17648780487804877
right,0.09719512195121952
right,0.4043658536585366
right,0.25921951219512196
right,-0.0484390243902439
right,0.26034146341463416
right,0.19529268292682928
right,0.2607317073170732
right,0.07765853658536587
right,-0.04585365853658536
right,-0.014048780487804865
right,0.03746341463414635
right,0.03482926829268293
right,0.07119512195121952
right,0.13904878048780486
right,0.058024390243902435
right,-0.02895121951219513
right,-0.006804878048780492
right,-0.166
right,-0.01212195121951219
right,-0.11351219512195122
right,0.22260975609756098
right,0.6484146341463415
right,0.5810243902439025
right,0.2352439024390244
right,-0.2173170731707317
right,-0.0749512195121951
right,-0.07565853658536585
right,0.14417073170731706
right,0.02331707317073171
right,0.05060975609756098
right,0.12063414634146341
right,0.33470731707317075
right,0.014634146341463414
right,0.05429268292682927
right,0.15839024390243903
right,0.009146341463414635
right,-0.06839024390243903
right,0.04719512195121952
right,0.009365853658536576
right,-0.2497560975609756
right,-0.16514634146341464
right,-0.15714634146341463
right,0.9617317073170731
right,0.9121219512195122
right,-0.03602439024390243
right,0.1670487804878049
right,0.04726829268292683
right,0.26934146341463416
right,0.20058536585365855
right,-0.25021951219512195
right,-0.09439024390243901
right,0.07119512195121952
right,0.4150243902439024
right,0.6441219512195122
right,0.5141463414634146
right,0.5787560975609756
right,0.2855853658536585
right,0.38214634146341464
right,0.24390243902439024
right,-0.13590243902439025
right,0.22092682926829268
right,-0.15373170731707317
right,0.17092682926829267
right,-0.037365853658536584
right,-0.18104878048780487
right,-0.0013902439024390183
right,0.0358048780487805
right,0.10963414634146343
right,0.08219512195121952
right,0.25882926829268293
right,0.3017560975609756
right,0.3038780487804878
right,-0.1993170731707317
right,0.0026341463414634083
right,-0.06478048780487805
right,-0.139609756097561
right,0.00785365853658535
right,0.0363170731707317
right,0.264
right,-0.06919512195121952
right,-0.0461219512195122
right,-0.09775609756097561
right,-0.17129268292682928
right,-0.4638048780487805
right,1.9699756097560976
right,0.1328780487804878
right,0.3321219512195122
right,0.14014634146341462
right,0.08334146341463415
right,0.08304878048780488
right,-0.015024390243902435
right,0.08241463414634147
right,0.03204878048780488
right,-0.024365853658536583
right,-0.010609756097560973
right,-0.042853658536585355
right,0.0004634146341463493
right,-0.002024390243902425
right,0.06797560975609757
right,-0.44921951219512196
right,-0.3296829268292683
right,0.07287804878048781
right,0.0550731707317073
right,-0.3182926829268293
right,-0.383
right,-0.16253658536585366
right,-0.16770731707317071
right,-0.1446341463414634
right,-0.07502439024390244
right,-0.03363414634146341
right,-0.18426829268292685
right,-0.014073170731707314
right,-0.009024390243902444
right,-0.01802439024390244
right,0.35721951219512194
right,0.17153658536585364
right,-0.40017073170731704
right,-0.16058536585365854
right,-0.17231707317073172
right,-0.001317073170731704
right,0.11739024390243903
right,0.12124390243902439
right,0.1194390243902439
right,0.027512195121951223
right,0.04580487804878048
right,0.04270731707317073
right,-0.021560975609756096
right,0.0006585365853658529
right,0.13765853658536584
right,0.0852439024390244
right,0.11968292682926829
right,-0.011780487804878061
right,-0.07314634146341463
right,0.04202439024390244
right,-0.04075609756097562
right,-0.09731707317073171
right,0.19663414634146342
right,0.1263658536585366
right,-0.29287804878048784
right,0.041146341463414636
right,0.1468780487804878
right,0.16860975609756096
right,-0.38934146341463416
right,0.04934146341463415
right,-0.04641463414634146
right,-0.10751219512195122
right,-0.05139024390243902
right,0.044292682926829266
right,0.02517073170731706
right,-0.039292682926829275
right,-0.009975609756097554
right,-0.054341463414634146
right,-0.3657560975609756
right,0.04336585365853659
right,-0.33804878048780485
right,-0.09631707317073171
right,0.16439024390243903
right,0.23541463414634145
right,0.23446341463414633
right,-0.29578048780487803
right,0.21375609756097563
right,-0.05256097560975611
right,0.09153658536585366
right,-0.08082926829268293
right,-0.1839268292682927
right,-0.279
right,-0.28860975609756095
right,0.4951219512195122
right,0.2970731707317073
right,0.11792682926829269
right,0.047658536585365854
right,0.06404878048780488
right,0.09097560975609756
right,0.17858536585365856
right,0.20009756097560977
right,0.049512195121951236
right,0.14719512195121953
right,0.14946341463414636
right,0.08941463414634147
right,0.18129268292682926
right,0.048878048780487814
right,0.4562926829268293
right,-0.28356097560975607
right,0.6785853658536585
right,-0.31946341463414635
right,1.6250487804878049
right,0.10985365853658537
right,0.1284390243902439
right,-0.3645609756097561
right,-0.33790243902439027
right,0.10682926829268294
right,0.28041463414634143
right,0.44270731707317074
right,-0.02924390243902439
right,0.2623658536585366
right,0.2467560975609756
right,-0.4882439024390244
right,-0.3435121951219512
right,-0.11878048780487806
right,-0.0976829268292683
right,-0.02224390243902439
right,-0.032975609756097576
right,0.06295121951219512
right,-0.28817073170731705
right,0.15834146341463415
right,0.11104878048780488
right,0.20173170731707316
right,0.11358536585365853
right,0.12158536585365853
right,0.0684390243902439
right,0.06885365853658536
right,0.11078048780487805
right,0.14131707317073172
right,0.09821951219512196
right,0.06460975609756098
right,0.2581707317073171
right,0.08046341463414636
right,0.24246341463414633
right,0.21202439024390243
right,0.038365853658536585
right,0.059341463414634144
right,-0.2176829268292683
right,-0.05782926829268293
right,-0.4718048780487805
right,-0.4521951219512195
right,0.10702439024390244
right,0.2802195121951219
right,0.19504878048780488
right,0.16639024390243903
right,0.29209756097560974
right,0.08548780487804877
right,0.07931707317073171
right,-0.2358048780487805
right,-0.06314634146341463
right,-0.43902439024390244
right,-0.3791707317073171
right,0.820439024390244
right,0.23390243902439026
right,-0.06231707317073171
right,-0.2512439024390244
right,-0.3094390243902439
right,-0.5407560975609756
right,-0.30109756097560975
right,-0.35634146341463413
right,0.03343902439024391
right,-0.5349024390243903
right,0.10641463414634146
right,0.17304878048780487
right,0.10902439024390244
right,0.12302439024390244
right,0.07904878048780488
right,0.10068292682926828
right,0.13065853658536586
right,-0.4010975609756098
right,0.10680487804878049
right,0.06609756097560976
right,0.044560975609756096
right,-0.12985365853658537
right,-0.2447560975609756
right,-0.10392682926829268
right,0.16443902439024388
right,0.12409756097560976
right,0.17429268292682926
right,-0.13734146341463416
right,0.1711219512195122
right,0.23458536585365852
right,0.15578048780487805
right,-0.3067560975609756
right,-0.27802439024390246
right,-0.17997560975609755
right,-0.31697560975609756
right,-0.06331707317073171
right,-0.08107317073170732
right,-0.1794390243902439
right,0.03358536585365853
right,0.07682926829268293
right,0.1628780487804878
right,0.36958536585365853
right,0.1496829268292683
right,0.2955853658536585
right,0.0019512195121951237
right,0.35585365853658535
right,-0.3429024390243902
right,2.0972926829268292
right,-0.19017073170731708
right,-0.04363414634146342
right,-0.026512195121951222
right,0.04036585365853659
right,-0.0954390243902439
right,0.12363414634146343
right,-0.03378048780487805
right,0.3705121951219512
right,-0.23846341463414633
right,-0.4298780487804878
right,-0.07663414634146341
right,0.053170731707317086
right,0.32795121951219514
right,-0.3456585365853658
right,-0.0018780487804878024
right,1.8604878048780487
right,1.913
right,2.036487804878049
right,1.4669268292682927
right,1.2691219512195122
right,0.3949756097560976
right,0.3830731707317073
right,0.8609024390243902
right,-0.17790243902439026
right,0.035707317073170736
right,-0.06697560975609756
right,0.055707317073170746
right,5.142951219512195
right,-0.067
right,-0.15763414634146342
right,-0.6265609756097561
right,0.03770731707317074
right,0.22848780487804876
right,0.13265853658536586
right,0.025512195121951214
right,0.22943902439024388
right,-0.07202439024390245
right,0.14502439024390246
right,-0.10817073170731706
right,0.08526829268292682
right,-0.1974878048780488
right,-0.3452926829268293
right,-0.3600731707317073
right,-0.3463658536585366
right,0.04207317073170733
right,0.293390243902439
right,-0.08965853658536586
right,-0.03102439024390244
right,-0.000560975609756099
right,0.1518780487804878
right,0.1251951219512195
right,-0.17104878048780486
right,-0.47248780487804876
right,-0.3456341463414634
right,-0.37665853658536586
right,-0.5297317073170732
right,-0.2651219512195122
right,-0.24541463414634146
right,-0.03841463414634146
right,0.06860975609756098
right,-0.19734146341463416
right,-0.14317073170731706
right,0.4712682926829268
right,0.03548780487804876
right,-0.268
right,-0.29024390243902437
right,-0.07446341463414634
right,0.08565853658536586
right,0.48585365853658535
right,-0.17658536585365853
right,0.07334146341463416
right,1.1028048780487805
right,0.10709756097560975
right,0.1568048780487805
right,0.02341463414634147
right,-0.05795121951219511
right,0.24287804878048783
right,0.17297560975609758
right,0.04275609756097562
right,0.04917073170731708
right,0.02056097560975611
right,0.1719512195121951
right,0.2668048780487805
right,0.3066341463414634
right,0.04285365853658537
right,0.16963414634146343
right,-0.02026829268292683
right,0.035
right,0.03507317073170732
right,0.2850243902439024
right,-0.15885365853658537
right,-0.3403170731707317
right,0.10317073170731708
right,0.4322682926829268
right,0.027975609756097565
right,-0.28543902439024393
right,-0.11548780487804879
right,-0.2956341463414634
right,-0.20626829268292682
right,-0.13007317073170732
right,-0.09060975609756097
right,0.17446341463414633
right,0.13914634146341462
right,-0.1323658536585366
right,-0.006219512195121952
right,0.037902439024390236
right,0.06970731707317074
right,0.06946341463414635
right,0.06517073170731706
right,-0.18217073170731707
right,-0.15797560975609756
right,-0.16248780487804876
right,0.028731707317073175
right,0.23209756097560974
right,0.13839024390243904
right,0.2050731707317073
right,-0.07482926829268294
right,0.22887804878048779
right,0.10739024390243901
right,0.16302439024390242
right,0.05519512195121951
right,0.21978048780487805
right,-0.012024390243902438
right,-0.05085365853658536
right,-0.22887804878048779
right,0.15251219512195122
right,-0.15504878048780488
right,0.21451219512195122
right,-0.06541463414634145
right,-0.32070731707317074
right,-0.07660975609756096
right,-0.14387804878048782
right,0.06273170731707317
right,-0.4329512195121951
right,-0.27885365853658534
right,-0.2230731707317073
right,-0.2746585365853658
right,-0.45182926829268294
right,0.30858536585365853
right,-0.06051219512195122
right,0.2994390243902439
right,0.2433170731707317
right,-0.204390243902439
right,-0.10846341463414634
right,0.07151219512195121
right,0.06126829268292683
right,0.059829268292682924
right,0.057707317073170734
right,0.13973170731707316
right,0.13734146341463416
right,0.14060975609756096
right,0.03543902439024391
right,0.043170731707317084
right,-0.15785365853658537
right,-0.01880487804878049
right,0.17185365853658535
right,1.9388048780487805
right,1.944609756097561
right,0.412
right,0.4456829268292683
right,-0.20243902439024392
right,-0.3257317073170732
right,0.4627317073170732
right,0.47585365853658534
right,0.440609756097561
right,0.06126829268292683
right,0.17202439024390245
right,0.28785365853658534
right,0.5010975609756098
right,0.08836585365853658
right,0.020658536585365848
right,0.1331219512195122
right,0.20700000000000002
right,0.10582926829268292
right,0.24295121951219514
right,-0.03778048780487805
right,0.1896829268292683
right,0.20804878048780487
right,0.2558780487804878
right,0.17165853658536584
right,0.13346341463414635
right,0.11075609756097561
right,0.09007317073170731
right,0.20529268292682926
right,0.15692682926829268
right,0.14185365853658538
right,0.012048780487804884
right,0.14921951219512194
right,-0.0486341463414634
right,0.05624390243902438
right,-0.011048780487804874
right,-0.17321951219512194
right,-0.14502439024390246
right,-0.18517073170731707
right,1.003609756097561
right,-0.16290243902439025
right,0.060048780487804876
right,0.07126829268292682
right,-0.013170731707317071
right,0.03209756097560976
right,0.055756097560975604
right,-0.05282926829268293
right,-0.20097560975609755
right,-0.31470731707317073
right,-0.3999024390243902
right,-0.22363414634146342
right,0.09621951219512195
right,0.1506341463414634
right,0.18490243902439024
right,0.15146341463414634
right,0.1503170731707317
right,0.06821951219512194
right,0.028829268292682918
right,-0.2836341463414634
right,0.056121951219512196
right,-0.06775609756097561
right,0.03412195121951219
right,-0.12682926829268296
right,0.06812195121951221
right,0.25378048780487805
right,-0.05592682926829269
right,0.1382682926829268
right,0.0005853658536585365
right,-0.14990243902439024
right,-0.04968292682926831
right,-0.2340487804878049
right,-0.277609756097561
right,0.22885365853658537
right,0.16214634146341464
right,0.2702926829268293
right,0.2721707317073171
right,0.19373170731707318
right,0.025512195121951218
right,0.06341463414634146
right,0.11417073170731706
right,0.20221951219512194
right,0.2008292682926829
right,0.047975609756097555
right,0.17426829268292682
right,0.1731951219512195
right,-0.04973170731707317
right,-0.08180487804878049
right,0.043292682926829265
right,-0.0115609756097561
right,-0.23797560975609755
right,-0.1359268292682927
right,0.04124390243902438
right,-0.18375609756097563
right,0.036682926829268284
right,0.036609756097560966
right,0.040292682926829256
right,-0.09619512195121951
right,0.2601951219512195
right,0.08348780487804877
right,-0.9532195121951219
right,-0.8319512195121951
right,0.2997560975609756
right,0.23419512195121953
right,0.17585365853658538
right,0.21882926829268293
right,-0.20414634146341462
right,-0.14673170731707316
right,0.030609756097560968
right,0.01534146341463415
right,0.028146341463414642
right,0.17909756097560975
right,0.24853658536585366
right,-0.3930487804878049
right,-0.438
right,0.0795121951219512
right,0.2998048780487805
right,0.000999999999999989
right,-0.367
right,-0.2528780487804878
right,-0.2840731707317073
right,-0.033658536585365856
right,0.8280243902439024
right,0.931390243902439
right,-0.04934146341463414
right,-0.44878048780487806
right,-0.038951219512195115
right,0.30021951219512194
right,-0.06709756097560975
right,0.6153658536585366
right,1.1020731707317073
right,-0.016878048780487803
right,-0.12546341463414634
right,-0.010365853658536591
right,-0.3446585365853659
right,-0.3960487804878049
right,0.459609756097561
right,0.2462439024390244
right,0.20334146341463416
right,0.09773170731707317
right,-0.027999999999999983
right,-0.16065853658536586
right,-0.2566341463414634
right,-0.27451219512195124
right,-0.5200731707317073
right,-0.41736585365853657
right,0.0634390243902439
right,-0.2534878048780488
right,-0.3669512195121951
right,-0.49921951219512195
right,0.17502439024390246
right,0.0034390243902439003
right,-0.09943902439024391
right,-0.085
right,-0.14548780487804877
right,0.03985365853658535
right,-0.04760975609756098
right,-0.1931463414634146
right,-0.3937317073170732
right,0.6377804878048781
right,-0.4130731707317073
right,-0.4492439024390244
right,0.3909268292682927
right,0.017341463414634144
right,0.03778048780487805
right,0.050170731707317076
right,0.15309756097560975
right,0.12473170731707317
right,0.08926829268292684
right,-0.1808780487804878
right,5.284487804878049
right,0.19517073170731708
right,0.05858536585365854
right,-0.2426341463414634
right,0.122
right,0.15492682926829268
right,0.02931707317073171
right,-0.1516829268292683
right,-0.16260975609756098
right,0.06380487804878048
right,0.4178780487804878
right,0.3425365853658537
right,0.07380487804878048
right,0.17390243902439023
right,0.18339024390243902
right,0.34168292682926826
right,0.22941463414634147
right,-0.19912195121951218
right,-0.34051219512195124
right,0.024048780487804875
right,-0.23490243902439026
right,-0.3320487804878049
right,-0.2173170731707317
right,-0.22382926829268293
right,0.1703170731707317
right,0.1545609756097561
right,0.06907317073170731
right,0.016780487804878036
right,-0.010170731707317079
right,-0.08270731707317074
right,-0.006951219512195126
right,0.1104390243902439
right,0.009317073170731709
right,0.017975609756097556
right,0.09317073170731706
right,-0.0034634146341463415
right,-0.026146341463414643
right,-0.10382926829268292
right,-0.34207317073170734
right,-0.328
right,-0.2315121951219512
right,0.03046341463414634
right,3.0604146341463414
right,0.020463414634146346
right,0.43214634146341463
right,-0.40841463414634144
right,-0.21339024390243902
right,-0.09546341463414634
right,-0.043219512195121955
right,-0.09753658536585366
right,-0.029268292682926834
right,-0.09207317073170733
right,-0.03753658536585366
right,5.55719512195122
right,0.14321951219512194
right,-0.24946341463414634
right,0.2519268292682927
right,0.3295121951219512
right,-0.3185121951219512
right,0.082
right,0.11663414634146342
right,0.15160975609756097
right,0.16929268292682925
right,-0.05395121951219513
right,0.8395121951219512
right,0.8516829268292683
right,0.14114634146341465
right,0.18202439024390243
right,0.27626829268292685
right,0.04236585365853659
right,0.3366829268292683
right,3.456926829268293
right,0.12670731707317073
right,0.05039024390243903
right,0.13082926829268293
right,0.07358536585365855
right,0.3602682926829268
right,-0.5775853658536585
right,-0.18958536585365854
right,-0.267
right,-0.1673658536585366
right,-0.2891707317073171
right,0.07690243902439023
right,0.9375365853658536
right,0.4551219512195122
right,0.10758536585365853
right,0.08992682926829268
right,-0.2597560975609756
right,0.2800487804878049
right,0.5316585365853659
right,0.16095121951219513
right,0.25141463414634146
right,-0.1121219512195122
right,-0.05260975609756098
right,0.10019512195121953
right,-0.08519512195121949
right,0.20746341463414636
right,0.1443170731707317
right,-0.24314634146341466
right,0.18239024390243902
right,-0.17468292682926828
right,-0.06995121951219513
right,-0.2691219512195122
right,0.15273170731707317
right,0.19760975609756098
right,-0.299390243902439
right,0.14604878048780487
right,0.2336341463414634
right,-0.43834146341463415
right,0.1508780487804878
right,0.15592682926829268
right,0.10248780487804877
right,-0.0032195121951219515
right,0.19773170731707318
right,0.08721951219512195
right,0.1913170731707317
right,0.26551219512195123
right,0.3523414634146341
right,0.1841219512195122
right,0.05117073170731707
right,-0.06985365853658536
right,0.21680487804878049
right,-0.014390243902439028
right,-0.028951219512195127
right,0.027658536585365854
right,0.031414634146341464
right,0.09817073170731708
right,0.3968780487804878
right,0.8800975609756098
right,-0.19631707317073172
right,-0.25109756097560976
right,0.20502439024390243
right,0.08707317073170731
right,0.04241463414634145
right,-0.10253658536585367
right,0.25265853658536586
right,-0.2917073170731707
right,0.04912195121951219
right,0.21560975609756097
right,0.26763414634146343
right,0.11309756097560976
right,-0.09887804878048781
right,0.24890243902439024
right,-0.0762439024390244
right,0.28673170731707315
right,0.43870731707317073
right,0.6089268292682927
right,0.256609756097561
right,0.2401219512195122
right,0.31921951219512196
right,-0.12246341463414634
right,0.19434146341463415
right,0.2456341463414634
right,-0.0004634146341463329
right,0.6421707317073171
right,1.348951219512195
right,0.6122195121951219
right,0.25014634146341463
right,0.07880487804878049
right,-0.6704146341463415
right,0.07843902439024389
right,0.35421951219512193
right,0.2393170731707317
right,0.1881951219512195
right,0.281390243902439
right,-0.05060975609756098
right,0.1256829268292683
right,0.009829268292682944
right,0.029390243902439033
right,-0.05909756097560975
right,0.06626829268292682
right,0.16975609756097562
right,-0.015731707317073167
right,-0.09024390243902439
right,0.01802439024390245
right,0.1521951219512195
right,0.15017073170731707
right,0.05785365853658536
right,0.07395121951219512
right,0.1775609756097561
right,0.30802439024390244
right,0.07063414634146342
right,-0.025000000000000005
right,0.06558536585365853
right,0.058536585365853655
right,0.11278048780487805
right,0.11214634146341464
right,0.11746341463414633
right,0.03463414634146342
right,0.1405609756097561
right,0.45734146341463416
right,0.050682926829268296
right,0.17526829268292682
right,0.10990243902439024
right,0.01895121951219512
right,0.23224390243902437
right,0.0504390243902439
right,0.04568292682926829
right,0.01882926829268293
right,0.09321951219512195
right,0.12375609756097561
right,0.11226829268292682
right,0.08190243902439023
right,-0.09275609756097562
right,-0.07941463414634146
right,0.03739024390243902
right,-0.12841463414634147
right,-0.2296829268292683
right,0.19973170731707318
right,0.10402439024390243
right,-0.014682926829268294
right,-0.3041951219512195
right,-0.3056341463414634
right,-0.20009756097560974
right,-0.03265853658536585
right,-0.008292682926829262
right,-0.17753658536585368
right,-0.26207317073170733
right,-0.19285365853658537
right,0.312
right,-0.30085365853658536
right,-0.20280487804878047
right,-0.37070731707317073
right,0.33526829268292685
right,-0.22934146341463416
right,-0.40804878048780485
right,0.05768292682926829
right,0.00721951219512195
right,0.024048780487804886
right,-0.027170731707317066
right,-0.028317073170731698
right,-0.02478048780487805
right,0.36765853658536585
right,0.8428536585365853
right,0.049707317073170734
right,0.661219512195122
right,-0.0591951219512195
right,0.08885365853658536
right,0.10365853658536585
right,0.1541219512195122
right,0.018609756097560978
right,-0.16419512195121952
right,-0.17614634146341462
right,-0.191
right,0.05373170731707317
right,0.11317073170731706
right,-0.43160975609756097
right,-0.06834146341463414
right,0.277
right,2.2745609756097562
right,1.0555853658536585
right,0.8167073170731707
right,-0.1739268292682927
right,0.13843902439024391
right,0.44282926829268293
right,0.43360975609756097
right,-0.20921951219512194
right,0.13660975609756099
right,0.13765853658536584
right,0.6571463414634147
right,0.09382926829268291
right,0.005658536585365848
right,0.1858536585365854
right,0.39407317073170733
right,-0.0718780487804878
right,-0.26682926829268294
right,-0.18126829268292682
right,0.10426829268292684
right,0.113
right,0.17019512195121952
right,0.20334146341463416
right,0.24809756097560978
right,0.1065121951219512
right,0.046292682926829275
right,-0.23600000000000002
right,0.255609756097561
right,4.302341463414634
right,-0.2344878048780488
right,-0.2630487804878049
right,0.015097560975609754
right,0.14014634146341465
right,0.05202439024390245
right,0.06082926829268293
right,0.18082926829268292
right,0.3943658536585366
right,0.32158536585365854
right,0.018000000000000006
right,0.0024390243902439033
right,0.0691951219512195
right,-0.07029268292682926
right,0.001195121951219521
right,4.946585365853658
right,0.8449268292682927
right,0.6726585365853659
right,0.6574878048780488
right,-0.5580975609756098
right,0.33824390243902436
right,0.11321951219512194
right,0.07570731707317073
right,0.13097560975609757
right,0.15995121951219513
right,0.21148780487804877
right,0.20804878048780487
right,-0.177
right,-0.29297560975609754
right,0.05304878048780488
right,0.2508048780487805
right,0.1247560975609756
right,-0.0325609756097561
right,0.19258536585365854
right,-0.022414634146341456
right,0.3376829268292683
right,0.025878048780487817
right,-0.27360975609756094
right,-0.05170731707317073
right,0.20639024390243904
right,0.3101951219512195
right,0.06953658536585366
right,-0.1349268292682927
right,-0.20656097560975611
right,0.33058536585365855
right,0.31190243902439024
right,0.3275609756097561
right,0.028097560975609743
right,-0.013317073170731702
right,0.4416341463414634
right,0.5101219512195122
right,-0.25158536585365854
right,0.2123170731707317
right,0.07082926829268292
right,-0.12141463414634146
right,-0.308390243902439
right,0.3174390243902439
right,0.2059512195121951
right,0.15951219512195122
right,0.20153658536585367
right,-0.17334146341463416
right,0.03902439024390244
right,0.0002926829268292679
right,0.043975609756097565
right,0.10156097560975609
right,0.055853658536585374
right,0.7381707317073171
right,-0.37341463414634146
right,-0.6243658536585366
right,-0.5883658536585366
right,-0.6627560975609756
right,-0.25590243902439025
right,-0.18404878048780485
right,0.10521951219512196
right,0.14860975609756097
right,-0.04429268292682927
right,-0.06258536585365854
right,0.20448780487804877
right,-0.2658536585365854
right,0.11153658536585365
right,0.1658048780487805
right,-0.3318536585365854
right,-0.04126829268292683
right,0.0017073170731707185
right,0.07378048780487804
right,4.656073170731707
right,-0.0058048780487805
right,-0.0633658536585366
right,-0.3475121951219512
right,-0.381
right,0.5659512195121952
right,0.6464634146341464
right,0.35212195121951223
right,0.025658536585365866
right,0.03153658536585367
right,-0.22885365853658537
right,-0.3926829268292683
right,-0.16934146341463413
right,0.32960975609756094
right,-0.24526829268292683
right,-0.13675609756097562
right,-0.06709756097560976
right,0.31841463414634147
right,-0.26726829268292684
right,-0.20517073170731706
right,-0.13739024390243904
right,-0.06917073170731708
right,0.13397560975609754
right,0.20626829268292685
right,0.15470731707317073
right,0.1753658536585366
right,0.24573170731707317
right,-0.32251219512195123
right,-0.0701219512195122
right,-0.0554390243902439
right,0.11248780487804878
right,-0.41104878048780485
right,-0.11458536585365854
right,-0.3017560975609756
right,-0.17053658536585364
right,-0.16041463414634147
right,-0.1794390243902439
right,-0.10824390243902439
right,-0.20624390243902438
right,-0.22517073170731705
right,-0.04980487804878049
right,0.04300000000000001
right,0.09534146341463415
right,0.12329268292682928
right,0.0013414634146341395
right,-0.22890243902439025
right,-0.005463414634146349
right,-0.12553658536585366
right,-0.30404878048780487
right,0.14029268292682925
right,0.025439024390243887
right,0.07590243902439023
right,-0.26321951219512196
right,0.033707317073170734
right,0.08282926829268293
right,0.07514634146341463
right,-0.18395121951219512
right,-0.15726829268292683
right,-0.006243902439024384
right,0.23641463414634148
right,0.06095121951219513
right,0.10990243902439024
right,0.08051219512195122
right,-0.06297560975609756
right,-0.14285365853658538
right,0.03141463414634147
right,0.05319512195121951
right,0.10607317073170731
right,0.06936585365853658
right,0.4665365853658537
right,0.5629268292682926
right,-0.13282926829268293
right,0.6464146341463415
right,2.1605365853658536
right,-0.2790975609756098
right,0.04887804878048781
right,0.004048780487804889
right,0.12370731707317073
right,0.11051219512195122
right,0.3237560975609756
right,0.06741463414634147
right,-0.2784878048780488
right,-0.03814634146341464
right,-0.02853658536585365
right,0.06814634146341464
right,0.19126829268292683
right,0.2255609756097561
right,0.05880487804878049
right,0.048048780487804886
right,0.06295121951219512
right,0.11539024390243903
right,-0.004878048780487812
right,0.12760975609756098
right,-0.12904878048780488
right,-0.10780487804878049
right,0.003756097560975621
right,-0.04478048780487805
right,0.0508780487804878
right,-0.1901463414634146
right,-0.000609756097560987
right,-0.2364390243902439
right,0.4843170731707317
right,0.4760243902439024
right,-0.19397560975609757
right,0.13773170731707318
right,0.1445609756097561
right,0.14365853658536584
right,0.1048048780487805
right,-0.009707317073170733
right,0.11895121951219512
right,0.04617073170731706
right,0.019365853658536575
right,-0.2714878048780488
right,-0.13831707317073172
right,-0.17558536585365855
right,-0.24636585365853658
right,-0.1808780487804878
right,-0.3671463414634146
right,-0.09400000000000001
right,-0.17870731707317075
right,0.11478048780487805
right,0.038780487804878055
right,-0.017024390243902447
right,-0.14560975609756097
right,-0.01968292682926829
right,-0.34475609756097564
right,0.0691219512195122
right,0.05836585365853659
right,-0.10729268292682927
right,0.10763414634146343
right,-0.011195121951219515
right,-0.014195121951219513
right,0.03509756097560976
right,0.04278048780487806
right,0.03529268292682927
right,0.005219512195121961
right,0.09192682926829268
right,-0.33946341463414637
right,-0.2771463414634146
right,-0.005365853658536582
right,0.03473170731707318
right,-0.0029268292682926643
right,0.121
right,0.03912195121951218
right,0.02221951219512194
right,-0.0198048780487805
right,0.1052439024390244
right,-0.12629268292682927
right,0.16214634146341464
right,0.3329268292682927
right,-0.05197560975609756
right,-0.07121951219512195
right,-0.0020731707317073107
right,-0.019829268292682924
right,0.046146341463414633
right,-0.11329268292682926
right,-0.45046341463414635
right,-0.0743170731707317
right,-0.022926829268292686
right,-0.38782926829268294
right,-0.07714634146341463
right,-0.029536585365853664
right,0.1506829268292683
right,0.4077560975609756
right,-0.24941463414634146
right,-0.18385365853658536
right,-0.3124390243902439
right,-0.33102439024390246
right,0.41934146341463413
right,1.0154878048780487
right,-0.013024390243902444
right,0.04765853658536585
right,0.2259512195121951
right,-0.0796829268292683
right,0.11678048780487806
right,-0.24846341463414634
right,0.37678048780487805
right,-0.3627560975609756
right,1.4327073170731708
right,0.8083414634146342
right,0.21826829268292683
right,0.5833414634146341
right,-0.18246341463414634
right,-0.16258536585365854
right,-0.22270731707317074
right,-0.15482926829268293
right,0.21090243902439024
right,-0.05392682926829267
right,0.07290243902439025
right,0.34063414634146344
right,0.1445609756097561
right,0.17129268292682925
right,0.1447560975609756
right,-0.06268292682926829
right,0.40375609756097564
right,0.6852926829268292
right,-0.18507317073170731
right,0.0755609756097561
right,0.05448780487804877
right,0.2827560975609756
right,0.12280487804878047
right,0.003756097560975614
right,0.007268292682926831
right,0.6897317073170731
right,1.299780487804878
right,1.856829268292683
right,0.04731707317073171
right,0.201609756097561
right,0.3277560975609756
right,0.11904878048780489
right,0.3041219512195122
right,-0.1065609756097561
right,0.0515609756097561
right,-0.35041463414634144
right,-0.031195121951219523
right,0.11982926829268292
right,0.207609756097561
right,0.4988780487804878
right,0.1642439024390244
right,0.45126829268292684
right,-0.0023414634146341575
right,-0.014073170731707321
right,1.4666829268292683
right,-0.1058780487804878
right,-0.21353658536585365
right,0.027707317073170735
right,-0.17458536585365853
right,-0.2653170731707317
right,-0.2996341463414634
right,0.29085365853658535
right,-0.032756097560975604
right,0.06717073170731708
right,0.004097560975609759
right,-0.31065853658536585
right,0.19621951219512196
right,0.08248780487804878
right,0.2772439024390244
right,0.017536585365853674
right,-0.050024390243902435
right,-0.166
right,-0.21502439024390244
right,-0.09104878048780488
right,0.1471951219512195
right,-0.022365853658536574
right,0.1790731707317073
right,-0.05046341463414636
right,0.3101219512195122
right,0.38241463414634147
right,0.4528780487804878
right,0.1385609756097561
right,5.008878048780487
right,2.6155121951219513
right,0.9763414634146341
right,-0.2594390243902439
right,-0.16553658536585367
right,-0.22985365853658535
right,0.1207560975609756
right,0.36834146341463414
right,0.5066829268292683
right,0.10048780487804877
right,0.13326829268292684
right,0.127
right,0.08826829268292682
right,-0.32682926829268294
right,-0.06497560975609756
right,-0.22453658536585366
right,-0.3672682926829268
right,2.18509756097561
right,5.677585365853658
right,-0.2906829268292683
right,0.09156097560975611
right,0.1517317073170732
right,-0.15614634146341463
right,-0.08082926829268293
right,-0.1873170731707317
right,0.25795121951219513
right,0.02970731707317073
right,0.4807073170731707
right,-0.02409756097560975
right,0.026219512195121968
right,0.1719268292682927
right,-0.026268292682926814
right,0.24253658536585368
right,0.07304878048780487
right,0.003487804878048788
right,-0.04009756097560976
right,0.2760487804878049
right,0.37217073170731707
right,-0.10290243902439025
right,-0.08846341463414635
right,-0.009170731707317078
right,-0.2796585365853659
right,-0.3399268292682927
right,-0.37573170731707317
right,-0.18595121951219512
right,0.06114634146341464
right,0.1325609756097561
right,-0.025146341463414636
right,0.05629268292682926
right,-0.24636585365853658
right,0.13421951219512193
right,0.03075609756097561
right,-0.08460975609756098
right,0.06741463414634145
right,0.17580487804878048
right,0.29073170731707315
right,-0.01036585365853658
right,0.07573170731707317
right,-0.20348780487804877
right,0.1450731707317073
right,0.270390243902439
right,0.00124390243902439
right,0.4138780487804878
right,0.2865609756097561
right,0.28058536585365856
right,0.2264390243902439
right,0.22729268292682928
right,-0.1678048780487805
right,-0.010317073170731713
right,0.31682926829268293
right,-0.1343658536585366
right,0.12141463414634146
right,0.2760487804878049
right,-0.14902439024390246
right,0.31953658536585366
right,-0.10765853658536585
right,0.06860975609756098
right,2.457829268292683
right,0.3359756097560976
right,1.7938780487804877
right,0.17102439024390242
right,0.21548780487804878
right,-0.3122439024390244
right,-0.019487804878048784
right,0.013609756097560967
right,-0.7939756097560976
right,-0.1585609756097561
right,-0.02863414634146341
right,-0.3153658536585366
right,0.04651219512195122
right,0.06953658536585366
right,-0.16926829268292684
right,0.11280487804878049
right,0.5477073170731708
right,0.008999999999999996
right,-0.17085365853658538
right,0.029024390243902434
right,0.05460975609756098
right,-0.2631707317073171
right,-0.4944878048780488
right,0.5999756097560975
right,2.905
right,0.09997560975609755
right,1.1003170731707317
right,0.8863414634146342
right,-0.0195609756097561
right,-0.21026829268292682
right,0.1233170731707317
right,-0.17173170731707318
right,-0.10397560975609758
right,0.08129268292682927
right,3.560268292682927
right,0.14426829268292682
right,0.08139024390243901
right,0.38402439024390245
right,0.36973170731707317
right,-0.15239024390243902
right,-0.18085365853658536
right,-0.436609756097561
right,-0.3163170731707317
right,-0.6461951219512195
right,-0.39302439024390246
right,0.34373170731707314
right,-0.03980487804878048
right,0.08585365853658537
right,-0.21965853658536585
right,0.13121951219512193
right,0.09931707317073171
right,0.4180243902439024
right,0.154
right,-0.12421951219512195
right,2.6071463414634146
right,2.334268292682927
right,1.9467317073170731
right,0.4348292682926829
right,0.23890243902439023
right,-0.34290243902439027
right,0.06192682926829267
right,0.5302926829268293
right,0.38290243902439025
right,0.8029999999999999
right,0.5759756097560975
right,0.7838048780487805
right,0.7457317073170732
right,0.7678536585365854
right,1.185390243902439
right,2.198268292682927
right,-0.20563414634146343
right,0.08982926829268292
right,-0.0743170731707317
right,0.0533170731707317
right,0.12565853658536585
right,0.06248780487804878
right,0.07504878048780488
right,0.20890243902439024
right,0.422
right,0.7078048780487805
right,-0.13119512195121952
right,-0.38821951219512196
right,-0.12390243902439024
right,0.10821951219512196
right,0.02717073170731708
right,-0.22134146341463415
right,-0.4279268292682927
right,0.5062439024390244
right,-0.2592926829268293
right,0.024512195121951214
right,-0.20641463414634145
right,-0.30721951219512195
right,-0.09424390243902439
right,-0.12436585365853658
right,-0.105
right,-0.12758536585365854
right,0.6460975609756098
right,-0.36404878048780487
right,-0.5434146341463415
right,-0.5195609756097561
right,0.02343902439024391
right,0.009585365853658545
right,-0.02309756097560975
right,0.09282926829268293
right,0.06734146341463414
right,0.09268292682926829
right,-0.2622926829268293
right,-0.8363658536585366
right,-0.8883414634146342
right,-0.7412439024390244
right,-0.6851707317073171
right,-0.7126585365853658
right,-0.21958536585365854
right,0.01626829268292683
right,0.00265853658536586
right,0.1749268292682927
right,0.03739024390243903
right,0.08992682926829268
right,0.13095121951219513
right,0.03617073170731708
right,-0.14209756097560974
right,0.18117073170731707
right,-0.1782439024390244
right,-0.35829268292682925
right,-1.0959512195121952
right,-1.113780487804878
right,-0.7517073170731707
right,-0.7364390243902439
right,-0.996
right,-0.9784878048780488
right,-1.094951219512195
right,4.584439024390244
right,-0.6287073170731707
right,-0.4059756097560976
right,-0.4845121951219512
right,-0.9754878048780488
right,-0.6631219512195121
right,-0.6785609756097561
right,-0.4462439024390244
right,-0.14329268292682928
right,0.015000000000000001
right,0.08678048780487806
right,-0.019878048780487805
right,0.05787804878048781
right,-0.12219512195121951
right,0.019268292682926833
right,-0.1431219512195122
right,-0.08702439024390243
right,-0.11090243902439025
right,-0.19141463414634147
right,-0.46195121951219514
right,-0.32626829268292684
right,-0.39636585365853655
right,-0.3684878048780488
right,-0.22839024390243903
right,-0.7774634146341464
right,-0.11082926829268293
right,-0.1386829268292683
right,-0.2648536585365854
right,-0.11912195121951219
right,0.003585365853658536
right,-0.22639024390243903
right,-0.025487804878048786
right,0.3443414634146342
right,0.10202439024390243
right,-0.005951219512195122
right,0.12419512195121951
right,-0.3505609756097561
right,0.5650731707317073
right,-0.0636829268292683
right,-0.8788536585365854
right,0.04068292682926828
right,-0.047804878048780496
right,-0.15409756097560975
right,0.4237560975609756
right,0.015170731707317085
right,0.1589756097560976
right,0.19414634146341464
right,0.0036585365853658573
right,-0.18870731707317073
right,0.3384878048780488
right,-0.2389512195121951
right,-0.5028048780487805
right,-0.5217317073170732
right,-0.2784878048780488
right,-0.06224390243902438
right,0.2698536585365854
right,0.1777560975609756
right,-0.06097560975609756
right,-0.027048780487804874
right,-0.08180487804878048
right,0.021756097560975615
right,-0.014414634146341455
right,0.09673170731707317
right,0.11958536585365855
right,0.2746585365853659
right,0.2506341463414634
right,-0.04929268292682927
right,-0.09860975609756098
right,1.3268780487804879
right,0.3456585365853659
right,3.740487804878049
right,0.10797560975609756
right,0.009829268292682925
right,-0.020195121951219513
right,0.10517073170731707
right,0.0874390243902439
right,0.07173170731707317
right,0.029365853658536587
right,0.038048780487804884
right,-0.018341463414634145
right,0.5536585365853659
right,0.44997560975609757
right,-0.053243902439024396
right,-0.07185365853658537
right,0.1106829268292683
right,-0.3671219512195122
right,-0.2913170731707317
right,0.3074878048780488
right,0.06156097560975611
right,0.08470731707317071
right,-0.029365853658536594
right,0.025975609756097553
right,0.2553170731707317
right,0.41585365853658535
right,0.09963414634146342
right,0.048
right,-0.313609756097561
right,-0.13263414634146342
right,-0.13678048780487806
right,-0.20814634146341462
right,-0.032317073170731694
right,-0.27390243902439027
right,-0.3259268292682927
right,-0.21665853658536585
right,-0.28409756097560973
right,-0.008926829268292679
right,0.00856097560975611
right,-0.17265853658536584
right,-0.15558536585365854
right,-0.37746341463414634
right,-0.1453658536585366
right,-0.10517073170731707
right,0.15965853658536586
right,0.3890487804878049
right,0.00029268292682926384
right,0.05741463414634145
right,0.018
right,-0.3102439024390244
right,-0.12158536585365853
right,0.14878048780487804
right,0.08682926829268293
right,-0.013634146341463413
right,-0.016560975609756088
right,-0.36578048780487804
right,-0.29373170731707315
right,-0.06846341463414635
right,0.1755121951219512
right,0.30441463414634146
right,0.3577073170731707
right,0.2006829268292683
right,0.24553658536585365
right,-0.06758536585365854
right,0.2898780487804878
right,0.34429268292682924
right,-0.0454390243902439
right,0.17246341463414633
right,0.11173170731707316
right,0.009219512195121952
right,0.029170731707317075
right,-0.057536585365853654
right,-0.42392682926829267
right,0.08692682926829268
right,1.2275365853658537
right,0.22843902439024388
right,-0.08221951219512195
right,0.4535365853658537
right,0.42190243902439023
right,-0.1602439024390244
right,-0.5746585365853658
right,0.058975609756097565
right,0.14782926829268292
right,-0.1111219512195122
right,-0.15080487804878048
right,-0.07548780487804879
right,-0.1581219512195122
right,-0.15563414634146341
right,0.21678048780487805
right,0.007463414634146345
right,4.444146341463415
right,-0.2718780487804878
right,0.07341463414634147
right,-0.21373170731707317
right,-0.021024390243902433
right,-0.11214634146341462
right,0.2835853658536585
right,3.246634146341463
right,0.03604878048780487
right,-0.16517073170731708
right,-0.195
right,0.2086341463414634
right,0.2594878048780488
right,0.056463414634146336
right,-0.20046341463414635
right,-0.21836585365853659
right,-0.03126829268292682
right,0.00012195121951218169
right,-0.10797560975609756
right,0.09921951219512196
right,0.01575609756097561
right,0.15553658536585366
right,0.15553658536585366
right,0.11780487804878048
right,0.05280487804878048
right,0.0837560975609756
right,0.085
right,-0.646219512195122
right,0.04743902439024392
right,0.3424146341463415
right,-0.06826829268292683
right,0.19019512195121951
right,0.1074390243902439
right,0.4983170731707317
right,-0.18658536585365854
right,0.7826829268292683
right,0.21890243902439024
right,0.1931219512195122
right,0.19429268292682927
right,0.07407317073170733
right,0.01963414634146342
right,0.13865853658536587
right,-0.10143902439024391
right,-0.15241463414634146
right,0.22895121951219513
right,0.027536585365853652
right,-0.024414634146341464
right,-0.2604146341463415
right,0.06651219512195122
right,0.15404878048780488
right,0.12265853658536587
right,0.1351219512195122
right,0.13334146341463415
right,0.15704878048780488
right,0.027780487804878042
right,0.09880487804878049
right,0.05260975609756098
right,0.1431951219512195
right,0.5434878048780488
right,0.23748780487804877
right,-0.2136341463414634
right,-0.29329268292682925
right,0.05758536585365854
right,0.39178048780487806
right,-0.014536585365853656
right,-0.10529268292682925
right,0.14078048780487806
right,0.17909756097560975
right,0.1480731707317073
right,0.37870731707317074
right,0.38470731707317074
right,0.15095121951219512
right,0.08139024390243903
right,0.0056585365853658465
right,-0.11241463414634147
right,-0.0351219512195122
right,-0.016
right,0.14124390243902438
right,-0.608609756097561
right,0.15173170731707317
right,0.022731707317073167
right,-0.07378048780487806
right,-0.05660975609756097
right,0.024829268292682935
right,0.006292682926829265
right,-0.07717073170731709
right,-0.09621951219512195
right,-0.19851219512195123
right,-0.06614634146341464
right,-0.006878048780487802
right,0.0035121951219512265
right,0.0008292682926829355
right,0.1929268292682927
left,-0.22253658536585366
left,-0.031170731707317073
left,-0.6377073170731707
left,-1.2898536585365854
left,-0.8430975609756097
left,-0.008365853658536586
left,-0.4147560975609756
left,-0.13051219512195122
left,-0.416
left,0.10217073170731708
left,-0.28575609756097564
left,-0.21958536585365854
left,-0.7099268292682926
left,-0.28380487804878046
left,0.04321951219512195
left,0.06670731707317072
left,1.7263658536585367
left,1.285048780487805
left,0.05839024390243903
left,-0.05685365853658536
left,-0.09021951219512195
left,-0.5343170731707317
left,-0.039097560975609756
left,0.15629268292682927
left,-0.1949268292682927
left,-0.4934878048780488
left,0.2796585365853659
left,-0.06426829268292682
left,-0.07426829268292684
left,0.12651219512195122
left,0.18407317073170734
left,0.18353658536585366
left,0.4432439024390244
left,-1.026780487804878
left,-0.263609756097561
left,-0.05582926829268292
left,0.08097560975609756
left,-0.8419756097560975
left,-0.1107560975609756
left,0.2108536585365854
left,-0.2605609756097561
left,0.25029268292682927
left,0.19660975609756098
left,0.22760975609756098
left,-0.14195121951219514
left,1.011731707317073
left,1.0829756097560976
left,0.1175609756097561
left,-0.07158536585365853
left,0.04139024390243902
left,0.030439024390243905
left,-0.23882926829268292
left,-0.04636585365853659
left,-0.11429268292682927
left,-0.12209756097560977
left,-0.1318048780487805
left,-0.18480487804878049
left,0.024292682926829266
left,0.2976341463414634
left,-0.07680487804878049
left,0.2559268292682927
left,3.5413414634146343
left,3.351146341463415
left,-0.3972926829268293
left,-0.34580487804878046
left,3.997439024390244
left,-0.09119512195121951
left,0.0607560975609756
left,0.10751219512195123
left,-0.014195121951219502
left,-0.4531219512195122
left,-0.2568048780487805
left,0.09551219512195122
left,0.4005853658536585
left,0.313390243902439
left,0.3283658536585366
left,0.24948780487804878
left,0.15819512195121951
left,0.1094878048780488
left,0.05851219512195122
left,-0.08168292682926831
left,-0.031243902439024404
left,0.002414634146341451
left,0.05992682926829268
left,0.07273170731707317
left,-0.16821951219512196
left,-0.15748780487804878
left,-0.2808780487804878
left,-0.08202439024390243
left,0.06390243902439025
left,-0.10721951219512195
left,-0.03785365853658536
left,0.01602439024390244
left,0.054170731707317066
left,0.026609756097560985
left,-0.016585365853658524
left,6.742365853658536
left,-0.030780487804878052
left,0.052463414634146346
left,0.05785365853658537
left,-0.10756097560975611
left,-0.032390243902439025
left,0.4514878048780488
left,-0.010292682926829281
left,0.00756097560975609
left,0.18336585365853658
left,0.14629268292682926
left,1.292048780487805
left,1.581780487804878
left,1.5849756097560976
left,-0.37853658536585366
left,-0.1633658536585366
left,0.11309756097560977
left,-0.034219512195121954
left,-0.41817073170731706
left,-0.19370731707317074
left,-0.14602439024390243
left,0.10946341463414636
left,0.1732439024390244
left,0.07051219512195123
left,0.058439024390243906
left,0.0588780487804878
left,-0.031439024390243896
left,4.064243902439024
left,0.33112195121951216
left,-0.14100000000000001
left,0.10465853658536585
left,0.1388292682926829
left,0.20507317073170733
left,0.33119512195121953
left,0.16604878048780486
left,-0.276609756097561
left,0.0591951219512195
left,0.7481707317073171
left,1.2496341463414633
left,0.006390243902439038
left,0.3386341463414634
left,-0.0010487804878048746
left,-0.05970731707317072
left,0.10392682926829268
left,-0.017048780487804883
left,-0.39209756097560977
left,-0.12882926829268293
left,0.40670731707317076
left,-0.28841463414634144
left,0.1051219512195122
left,-0.06065853658536585
left,4.262121951219512
left,0.032902439024390245
left,-0.06758536585365854
left,0.07082926829268293
left,0.22404878048780488
left,-0.1557560975609756
left,-0.028853658536585357
left,0.09424390243902439
left,-0.16829268292682928
left,-0.4378048780487805
left,0.31965853658536586
left,0.3753170731707317
left,-0.47809756097560974
left,-0.13575609756097562
left,-0.07892682926829268
left,0.15819512195121951
left,-0.0498048780487805
left,-0.0722439024390244
left,-0.03470731707317073
left,0.5955609756097561
left,-0.11553658536585366
left,-0.03746341463414634
left,-0.18946341463414634
left,0.2658048780487805
left,0.2346341463414634
left,-0.4238048780487805
left,0.4539756097560976
left,0.39931707317073173
left,-0.07836585365853659
left,-0.04953658536585367
left,0.13724390243902437
left,0.5589024390243902
left,-0.08834146341463414
left,-0.5225365853658537
left,-0.26121951219512196
left,-0.052902439024390235
left,-0.7038780487804878
left,0.4981219512195122
left,0.3933658536585366
left,-0.15221951219512195
left,0.1326829268292683
left,0.28365853658536583
left,0.1083658536585366
left,0.34953658536585364
left,0.29285365853658535
left,0.14978048780487804
left,0.20117073170731709
left,0.022560975609756107
left,-0.03702439024390244
left,-0.24336585365853658
left,-0.23053658536585364
left,-0.21673170731707317
left,-0.6710487804878049
left,-0.40817073170731705
left,0.14434146341463414
left,-0.3862926829268293
left,-0.13051219512195122
left,0.31553658536585366
left,-0.0496829268292683
left,0.07292682926829269
left,-0.07097560975609755
left,-0.5337317073170732
left,0.17153658536585367
left,0.15963414634146342
left,0.08851219512195123
left,0.1714878048780488
left,0.0815609756097561
left,-0.11324390243902438
left,0.12068292682926829
left,-0.1084390243902439
left,-0.14853658536585365
left,-0.1108780487804878
left,0.0800731707317073
left,0.08448780487804877
left,-0.06504878048780488
left,-0.43353658536585366
left,-0.06370731707317073
left,0.3851219512195122
left,0.05302439024390244
left,-0.09078048780487805
left,-0.6487560975609756
left,0.011878048780487807
left,0.04446341463414634
left,4.53819512195122
left,4.6429024390243905
left,0.2811219512195122
left,0.03280487804878049
left,-0.2725609756097561
left,0.04929268292682927
left,0.7706829268292683
left,0.21214634146341466
left,-0.24158536585365853
left,0.43129268292682926
left,-0.3272439024390244
left,0.03482926829268293
left,-0.17282926829268294
left,0.20685365853658536
left,2.9461219512195123
left,4.958121951219512
left,0.037682926829268285
left,0.14734146341463414
left,-0.09514634146341464
left,-0.2788292682926829
left,-0.1271219512195122
left,0.31621951219512195
left,0.22121951219512195
left,0.16909756097560977
left,-0.24726829268292683
left,0.232
left,0.09726829268292683
left,0.17158536585365855
left,0.031121951219512185
left,-0.0452439024390244
left,0.0022439024390243927
left,-0.23029268292682928
left,0.0918780487804878
left,-0.1088048780487805
left,-0.2771219512195122
left,-0.1334390243902439
left,0.1585609756097561
left,0.08821951219512195
left,0.1321219512195122
left,-0.2512439024390244
left,-0.04363414634146341
left,-0.07378048780487804
left,0.7592439024390244
left,-0.027829268292682934
left,0.08321951219512196
left,-0.14995121951219512
left,-0.3386829268292683
left,0.23278048780487803
left,-0.17331707317073172
left,-0.20700000000000002
left,0.007292682926829268
left,0.2201219512195122
left,0.11036585365853659
left,-0.06314634146341463
left,-0.20809756097560975
left,-0.3159512195121951
left,0.08590243902439025
left,-0.1694878048780488
left,-0.005097560975609762
left,2.762731707317073
left,-0.03336585365853658
left,-0.4598780487804878
left,-0.12541463414634146
left,-0.134
left,4.338121951219512
left,-0.27843902439024387
left,0.053487804878048786
left,-0.3278780487804878
left,0.006682926829268292
left,0.4231463414634146
left,0.23090243902439025
left,0.2876585365853659
left,-0.1881219512195122
left,0.3517073170731707
left,0.2931219512195122
left,-0.31382926829268293
left,0.11753658536585365
left,-0.025975609756097563
left,-0.08231707317073171
left,0.31482926829268293
left,-0.050585365853658526
left,0.2520731707317073
left,0.12034146341463414
left,0.1520731707317073
left,-0.2302682926829268
left,-0.2536341463414634
left,-0.21002439024390246
left,0.29373170731707315
left,0.5283658536585366
left,0.49278048780487804
left,0.6673170731707317
left,0.36858536585365853
left,0.11560975609756098
left,0.9809756097560975
left,1.3786341463414633
left,0.04704878048780487
left,0.03714634146341463
left,0.11553658536585366
left,0.010073170731707323
left,0.09560975609756098
left,-0.2530731707317073
left,0.1943658536585366
left,0.06621951219512195
left,0.04034146341463416
left,-0.1043658536585366
left,-0.14665853658536585
left,0.10534146341463414
left,-0.20324390243902438
left,0.04385365853658537
left,-0.4349268292682927
left,-0.139390243902439
left,0.022682926829268295
left,0.18958536585365854
left,0.004756097560975601
left,0.03936585365853659
left,-0.1286829268292683
left,0.007756097560975611
left,-0.011439024390243913
left,0.010878048780487797
left,-0.11841463414634147
left,-0.08739024390243902
left,-0.3171951219512195
left,-0.041780487804878044
left,-0.10053658536585366
left,-0.03390243902439025
left,-0.23682926829268294
left,0.12202439024390245
left,-0.29490243902439023
left,-0.2934390243902439
left,-0.20526829268292682
left,-0.12021951219512195
left,0.03387804878048781
left,0.025121951219512197
left,-0.13736585365853657
left,-0.22058536585365854
left,0.27734146341463417
