Meme motif,Meme E-value,Gene Name,Gene ID,Organism,Reported Sequence,Experiment(S),family,Motif Lenght,Offset,P-Value,Tomtom E-Value,Q-value,Overlap
[GATC]GGGTG[GATC],No,HNRNPH1,ENSG00000169045,Homo_sapiens,AUUGGGUGU,EMSA; UV crosslink; immunoprecipitation and immunoblot.,ZF_RNPHF,9,2,0.000356072,0.563661,0.201753,7
[GATC]GGGTG[GATC],No,HNRNPH3,ENSG00000096746,Homo_sapiens,AUUGGGUGU,EMSA; UV crosslink; immunoprecipitation and immunoblot.,RRM,9,2,0.000356072,0.563661,0.201753,7
[GATC]GGGTG[GATC],No,HNRNPH2,ENSG00000126945,Homo_sapiens,AUUGGGUGU,EMSA; UV crosslink; immunoprecipitation and immunoblot.,ZF_RNPHF,9,2,0.000356072,0.563661,0.201753,7
[GATC]GGGTG[GATC],No,GTF3A,XB-GENE-6252591,Xenopus_laevis,GGGUGGG,SELEX,ZF_C2H2,7,-1,0.000691018,1.09388,0.201753,6
[GATC]GGGTG[GATC],No,GTF3A,XB-GENE-6252591,Xenopus_laevis,GGGUGGG,SELEX,ZF_C2H2,7,-1,0.000691018,1.09388,0.201753,6
[GATC]GGGTG[GATC],No,FUS,ENSG00000089280,Homo_sapiens,CGGUGG,SELEX of 25nt random with recombinant protein. Consensus motif: GGUG. SDS-PAGE; EMSA; UV crosslink; competition and immunoprecipitation assays with HeLa nuclear extracts.,RRM,6,-1,0.00153306,2.42684,0.201753,6
[GATC]GGGTG[GATC],No,CELF4,ENSG00000101489,Homo_sapiens,KGUGUKK,RNAcompete,RRM,7,0,0.00225875,3.57561,0.201753,7
[GATC]GGGTG[GATC],No,CELF5,ENSG00000161082,Homo_sapiens,UGUGUKK,RNAcompete,RRM,7,0,0.0024854,3.93439,0.201753,7
[GATC]GGGTG[GATC],No,RBM5,ENSG00000003756,Homo_sapiens,GGGGGG,Fluorescence anisotropy titration; isothermal titration calorimetry and HSQC spectroscopy using recombinant protein,ZF_RANBP,6,-1,0.00267335,4.23192,0.201753,6
[GATC]GGGTG[GATC],No,ARET,FBGN0000114,Drosophila_melanogaster,UKUKUGU,RNAcompete,RRM,7,0,0.00281889,4.46231,0.201753,7
[GATC]GGGTG[GATC],No,KHSRP,ENSG00000088247,Homo_sapiens,UGGGU,NMR; scaffold-independent analysis (SIA) with recombinant protein,KH,5,0,0.00340157,5.38468,0.201753,5
[GATC]GGGTG[GATC],No,HNRNPH2,ENSG00000126945,Homo_sapiens,UGGGU,Western blotting using HEK293T nuclear extract; immunodepletion; surface plasmon resonance,ZF_RNPHF,5,0,0.00340157,5.38468,0.201753,5
[GATC]GGGTG[GATC],No,HNRNPH1,ENSG00000169045,Homo_sapiens,UGGGU,GST pull-down; mass spectrometry; Immunoprecipitation; western blotting; RNA pull-down assay; REMSA; RNA interference,ZF_RNPHF,5,0,0.00340157,5.38468,0.201753,5
[GATC]GGGTG[GATC],No,KHSRP,ENSG00000088247,Homo_sapiens,UGGGU,NMR,KH,5,0,0.00340157,5.38468,0.201753,5
[GATC]GGGTG[GATC],No,HNRNPH1,ENSG00000169045,Homo_sapiens,UGGGU,Western blotting using HEK293T nuclear extract; immunodepletion; surface plasmon resonance,ZF_RNPHF,5,0,0.00340157,5.38468,0.201753,5
[GATC]GGGTG[GATC],No,HNRNPH3,ENSG00000096746,Homo_sapiens,UGGGU,Western blotting using HEK293T nuclear extract; immunodepletion; surface plasmon resonance,RRM,5,0,0.00340157,5.38468,0.201753,5
[GATC]GGGTG[GATC],No,PAPI,FBGN0031401,Drosophila_melanogaster,KGUKUGU,RNAcompete,KH,7,0,0.00349141,5.52691,0.201753,7
[GATC]GGGTG[GATC],No,RBM5,ENSG00000003756,Homo_sapiens,GGGGGGG,Homopolymer binding assay with recombinant protein.,ZF_RANBP,7,0,0.00511471,8.09658,0.201753,7
[GATC]GGGTG[GATC],No,HNRNPK,ENSG00000165119,Homo_sapiens,GGGGGGG,Western blot of AMA (human amnion) cell extracts and homoribopolymers. Western blot of recombinant proteins and homoribopolymers.,KH,7,0,0.00511471,8.09658,0.201753,7
[GATC]GGGTG[GATC],No,HNRNPU,ENSG00000153187,Homo_sapiens,GGGGGGG,SDS-PAGE of ribonucleotide homopolymers with recombinant protein,SAP;SPRY,7,0,0.00511471,8.09658,0.201753,7
[GATC]GGGTG[GATC],No,PTBP1,ENSG00000011304,Homo_sapiens,GGGGGGG,Fluorescence spectroscopy with recombinant protein.,PTBP1,7,0,0.00511471,8.09658,0.201753,7
[GATC]GGGTG[GATC],No,DAZAP1,ENSG00000071626,Homo_sapiens,GGGGGGG,In vitro RNA-binding assay of Homopolymers and SDS-PAGE with recombinant protein.,RRM,7,0,0.00511471,8.09658,0.201753,7
[GATC]GGGTG[GATC],No,HNRNPH2,ENSG00000126945,Homo_sapiens,GGGGGGG,Immunoblotting of proteins selected by affinity chromatography with ribonucleotide homopolymer and HeLa nuclear extract.,ZF_RNPHF,7,0,0.00511471,8.09658,0.201753,7
[GATC]GGGTG[GATC],No,PCBP1,ENSG00000169564,Homo_sapiens,GGGGGGG,Western blot of AMA (human amnion) cell extracts and homoribopolymers. Western blot of recombinant proteins and homoribopolymers.,KH,7,0,0.00511471,8.09658,0.201753,7
[GATC]GGGTG[GATC],No,PCBP2,ENSG00000197111,Homo_sapiens,GGGGGGG,Immunoblotting of proteins selected by affinity chromatography with ribonucleotide homopolymer and HeLa nuclear extract.,KH,7,0,0.00511471,8.09658,0.201753,7
[GATC]GGGTG[GATC],No,HNRNPF,ENSG00000169813,Homo_sapiens,GGGGGGG,Immunoblotting of proteins selected by affinity chromatography with ribonucleotide homopolymer and HeLa nuclear extract.,RRM;ZF_RNPHF,7,0,0.00511471,8.09658,0.201753,7
[GATC]GGGTG[GATC],No,FUS,ENSG00000089280,Homo_sapiens,GGGGGGG,SDS-PAGE; EMSA; UV crosslink; competition and immunoprecipitation assays with HeLa nuclear extracts.,RRM,7,0,0.00511471,8.09658,0.201753,7
[GATC]GGGTG[GATC],No,HNRNPK,ENSG00000165119,Homo_sapiens,GGGGGGG,Homopolymer binding assay with recombinant protein.,KH,7,0,0.00511471,8.09658,0.201753,7
[GATC]GGGTG[GATC],No,FUS,ENSG00000089280,Homo_sapiens,GGGGGGG,Immunoblotting of proteins selected by affinity chromatography with ribonucleotide homopolymer and HeLa nuclear extract.,RRM,7,0,0.00511471,8.09658,0.201753,7
[GATC]GGGTG[GATC],No,HNRNPF,ENSG00000169813,Homo_sapiens,GGGGGGG,Immunoblotting of proteins selected by affinity chromatography with ribonucleotide homopolymer and HeLa nuclear extract.,RRM;ZF_RNPHF,7,0,0.00511471,8.09658,0.201753,7
[GATC]GGGTG[GATC],No,HNRNPH1,ENSG00000169045,Homo_sapiens,GGGGGGG,Immunoblotting of proteins selected by affinity chromatography with ribonucleotide homopolymer and HeLa nuclear extract.,ZF_RNPHF,7,0,0.00511471,8.09658,0.201753,7
[GATC]GGGTG[GATC],No,NOVA2,ENSG00000104967,Homo_sapiens,GGGGGGG,SELEX of 52-nt random with protein. Consensus motif: GAGUCAU. Filter Binding Assays; immunoblot of homopolymers.,KH,7,0,0.00511471,8.09658,0.201753,7
[GATC]GGGTG[GATC],No,HNRNPH2,ENSG00000126945,Homo_sapiens,GGGGGGG,Immunoblotting of proteins selected by affinity chromatography with ribonucleotide homopolymer and HeLa nuclear extract.,ZF_RNPHF,7,0,0.00511471,8.09658,0.201753,7
[GATC]GGGTG[GATC],No,HNRNPM,ENSG00000099783,Homo_sapiens,GGGGGGG,Immunoblotting of proteins selected by affinity chromatography with ribonucleotide homopolymer and HeLa nuclear extract.,RRM;HNRNP_M,7,0,0.00511471,8.09658,0.201753,7
[GATC]GGGTG[GATC],No,FMR1,ENSG00000102081,Homo_sapiens,GGGGGGG,Homopolymer binding assay with recombinant protein,KH,7,0,0.00511471,8.09658,0.201753,7
[GATC]GGGTG[GATC],No,FMR1,ENSG00000102081,Homo_sapiens,GGGGGGG,Homopolymer binding assay with recombinant protein.,KH,7,0,0.00511471,8.09658,0.201753,7
[GATC]GGGTG[GATC],No,PCBP2,ENSG00000197111,Homo_sapiens,GGGGGGG,Homopolymer binding assay with recombinant protein.,KH,7,0,0.00511471,8.09658,0.201753,7
[GATC]GGGTG[GATC],No,PCBP1,ENSG00000169564,Homo_sapiens,GGGGGGG,Immunoblotting of proteins selected by affinity chromatography with ribonucleotide homopolymer and HeLa nuclear extract.,KH,7,0,0.00511471,8.09658,0.201753,7
[GATC]GGGTG[GATC],No,FMR1,ENSG00000102081,Homo_sapiens,GGGGGGG,Homopolymer binding assay using recombinant protein,KH,7,0,0.00511471,8.09658,0.201753,7
[GATC]GGGTG[GATC],No,FMR1,ENSG00000102081,Homo_sapiens,GGGGGGG,Homopolymer binding assay with recombinant protein,KH,7,0,0.00511471,8.09658,0.201753,7
[GATC]GGGTG[GATC],No,PCBP1,ENSG00000169564,Homo_sapiens,GGGGGGG,Homopolymer binding assay with recombinant protein.,KH,7,0,0.00511471,8.09658,0.201753,7
[GATC]GGGTG[GATC],No,HNRNPC,ENSG00000092199,Homo_sapiens,GGGGGGG,Homopolymer binding assay with recombinant protein,RRM,7,0,0.00511471,8.09658,0.201753,7
[GATC]GGGTG[GATC],No,HNRNPU,ENSG00000153187,Homo_sapiens,GGGGGGG,EMSA; UV crosslink; immunoprecipitation using HeLa cell nuclear extracts. UV crosslink; competition assay with purified protein.,SAP;SPRY,7,0,0.00511471,8.09658,0.201753,7
[GATC]GGGTG[GATC],No,HNRNPH1,ENSG00000169045,Homo_sapiens,GGGGGGG,Immunoblotting of proteins selected by affinity chromatography with ribonucleotide homopolymer and HeLa nuclear extract.,ZF_RNPHF,7,0,0.00511471,8.09658,0.201753,7
[GATC]GGGTG[GATC],No,HNRNPU,ENSG00000153187,Homo_sapiens,GGGGGGG,Filter Binding Assay with purified protein.,SAP;SPRY,7,0,0.00511471,8.09658,0.201753,7
[GATC]GGGTG[GATC],No,NOVA1,ENSG00000139910,Homo_sapiens,GGGGGGG,Immunoblots and Filter Binding Assay.,KH,7,0,0.00511471,8.09658,0.201753,7
[GATC]GGGTG[GATC],No,HNRNPH3,ENSG00000096746,Homo_sapiens,GGGGGGG,Immunoblotting of proteins selected by affinity chromatography with ribonucleotide homopolymer and HeLa nuclear extract.,RRM,7,0,0.00511471,8.09658,0.201753,7
[GATC]GGGTG[GATC],No,HNRNPK,ENSG00000165119,Homo_sapiens,GGGGGGG,Homopolymer binding assay with recombinat protein,KH,7,0,0.00511471,8.09658,0.201753,7
[GATC]GGGTG[GATC],No,HNRNPH3,ENSG00000096746,Homo_sapiens,GGGGGGG,Immunoblotting of proteins selected by affinity chromatography with ribonucleotide homopolymer and HeLa nuclear extract.,RRM,7,0,0.00511471,8.09658,0.201753,7
[GATC]GGGTG[GATC],No,HNRNPC,ENSG00000092199,Homo_sapiens,GGGGGGG,UV cross-linking; Immunoprecipitation,RRM,7,0,0.00511471,8.09658,0.201753,7
[GATC]GGGTG[GATC],No,BRU-3,FBGN0264001,Drosophila_melanogaster,KUGKUGU,RNAcompete,RRM,7,0,0.00533305,8.44221,0.207703,7
[GATC]GGGTG[GATC],No,RBM38,ENSMUSG00000027510,Mus_musculus,KKGUGUK,RNAcompete,RRM,7,-1,0.0055448,8.77741,0.208373,6
[GATC]GGGTG[GATC],No,HNRNPH1,ENSG00000169045,Homo_sapiens,DGGGD,protein affinity purification,ZF_RNPHF,5,0,0.00582433,9.21991,0.208373,5
[GATC]GGGTG[GATC],No,HNRNPF,ENSG00000169813,Homo_sapiens,DGGGD,protein affinity purification,RRM;ZF_RNPHF,5,0,0.00582433,9.21991,0.208373,5
[GATC]GGGTG[GATC],No,GRSF1,ENSG00000132463,Homo_sapiens,DGGGD,protein affinity purification,RRM,5,0,0.00582433,9.21991,0.208373,5
[GATC]GGGTG[GATC],No,HNRNPH2,ENSG00000126945,Homo_sapiens,DGGGD,protein affinity purification,ZF_RNPHF,5,0,0.00582433,9.21991,0.208373,5
[GATC]GGGTG[GATC],No,HNRNPH3,ENSG00000096746,Homo_sapiens,DGGGD,protein affinity purification,RRM,5,0,0.00582433,9.21991,0.208373,5
